player,team,year,td,int,starts
Charley Johnson,crd,1966,10,11,9
Terry Nofsinger,crd,1966,2,8,5
Randy Johnson,atl,1966,12,21,11
Dennis Claridge,atl,1966,2,2,3
Jack Kemp*,buf,1966,11,16,14
Rudy Bukich,chi,1966,10,21,14
Frank Ryan*,cle,1966,29,14,14
Don Meredith*,dal,1966,24,12,13
Jerry Rhome,dal,1966,0,1,1
John McCormick,den,1966,6,15,5
Max Choboian,den,1966,4,12,7
Mickey Slaughter,den,1966,1,0,1
Scotty Glacken,den,1966,1,0,1
Karl Sweetan,det,1966,4,14,8
Milt Plum,det,1966,4,13,6
Bart Starr*+,gnb,1966,14,3,13
Zeke Bratkowski,gnb,1966,4,2,1
Johnny Unitas*,clt,1966,22,24,13
Gary Cuozzo,clt,1966,4,2,1
Len Dawson*+,kan,1966,26,10,14
John Hadl,sdg,1966,23,14,12
Steve Tensi,sdg,1966,5,1,2
Roman Gabriel,ram,1966,10,16,14
Tom Flores*,rai,1966,24,14,10
Cotton Davidson,rai,1966,2,11,4
Dick Wood,mia,1966,4,14,4
George Wilson,mia,1966,5,10,7
John Stofa,mia,1966,4,2,1
Rick Norton,mia,1966,3,6,2
Fran Tarkenton,min,1966,17,16,12
Bob Berry,min,1966,1,5,1
Ron Vander Kelen,min,1966,0,1,1
Babe Parilli*,nwe,1966,20,20,14
Gary Wood,nyg,1966,6,13,6
Earl Morrall,nyg,1966,7,12,7
Tom Kennedy,nyg,1966,7,6,1
Joe Namath,nyj,1966,19,27,13
Mike Taliaferro,nyj,1966,2,2,1
Norm Snead,phi,1966,8,11,10
King Hill,phi,1966,5,7,2
Jack Concannon,phi,1966,1,4,2
Ron Smith,pit,1966,8,12,8
Bill Nelsen,pit,1966,7,1,5
George Izo,pit,1966,2,8,1
John Brodie,sfo,1966,16,22,13
George Mira,sfo,1966,5,2,1
George Blanda,oti,1966,17,21,8
Don Trull,oti,1966,10,5,5
Buddy Humphrey,oti,1966,2,1,1
Sonny Jurgensen*,was,1966,28,19,14
Jim Hart,crd,1967,19,30,14
Randy Johnson,atl,1967,10,21,12
Terry Nofsinger,atl,1967,1,2,1
Steve Sloan,atl,1967,0,2,1
Jack Kemp,buf,1967,14,26,11
Tom Flores,buf,1967,0,8,3
Jack Concannon,chi,1967,6,14,12
Larry Rakestraw,chi,1967,3,2,2
Frank Ryan,cle,1967,20,16,13
Gary Lane,cle,1967,2,1,1
Don Meredith*,dal,1967,16,16,11
Craig Morton,dal,1967,10,10,3
Steve Tensi,den,1967,16,17,12
Jim LeClair,den,1967,1,1,2
Karl Sweetan,det,1967,10,11,8
Milt Plum,det,1967,4,8,6
Bart Starr,gnb,1967,9,17,12
Zeke Bratkowski,gnb,1967,5,9,2
Johnny Unitas*+,clt,1967,20,16,14
Len Dawson*,kan,1967,24,17,14
John Hadl,sdg,1967,24,22,14
Roman Gabriel*,ram,1967,25,13,14
Daryle Lamonica*+,rai,1967,30,20,14
Bob Griese*,mia,1967,15,18,10
Rick Norton,mia,1967,1,9,3
John Stofa,mia,1967,0,0,1
Joe Kapp,min,1967,8,17,11
Ron Vander Kelen,min,1967,3,7,3
Babe Parilli,nwe,1967,19,24,11
Don Trull,nwe,1967,1,7,3
Gary Cuozzo,nor,1967,7,12,10
Billy Kilmer,nor,1967,6,11,4
Fran Tarkenton*,nyg,1967,29,19,14
Joe Namath*,nyj,1967,26,28,14
Norm Snead,phi,1967,29,24,14
Kent Nix,pit,1967,8,19,9
Bill Nelsen,pit,1967,10,9,5
John Brodie,sfo,1967,11,16,10
George Mira,sfo,1967,5,3,2
Steve Spurrier,sfo,1967,0,7,2
Pete Beathard,oti,1967,9,14,9
Jacky Lee,oti,1967,2,4,3
Bob Davis,oti,1967,0,2,2
Sonny Jurgensen*,was,1967,31,16,14
Jim Hart,crd,1968,15,18,12
Charley Johnson,crd,1968,1,1,2
Randy Johnson,atl,1968,2,10,7
Bob Berry,atl,1968,7,13,7
Dan Darragh,buf,1968,3,14,7
Ed Rutkowski,buf,1968,0,6,3
Kay Stephenson,buf,1968,4,7,3
Tom Flores,buf,1968,0,1,1
Jack Concannon,chi,1968,5,9,7
Virgil Carter,chi,1968,4,5,5
Larry Rakestraw,chi,1968,1,7,2
John Stofa,cin,1968,5,5,7
Dewey Warren,cin,1968,1,4,4
Sam Wyche,cin,1968,2,2,3
Bill Nelsen,cle,1968,19,10,11
Frank Ryan,cle,1968,7,6,3
Don Meredith*,dal,1968,21,12,13
Craig Morton,dal,1968,4,6,1
Marlin Briscoe,den,1968,14,13,5
Steve Tensi,den,1968,5,8,6
Jim LeClair,den,1968,1,5,2
John McCormick,den,1968,0,1,1
Bill Munson,det,1968,15,8,12
Greg Landry,det,1968,2,7,2
Bart Starr,gnb,1968,15,8,9
Zeke Bratkowski,gnb,1968,3,7,5
Earl Morrall*+,clt,1968,26,17,14
Len Dawson*,kan,1968,17,9,13
Jacky Lee,kan,1968,3,1,1
John Hadl*,sdg,1968,27,32,14
Roman Gabriel*,ram,1968,19,16,14
Daryle Lamonica,rai,1968,25,15,13
George Blanda,rai,1968,6,2,1
Bob Griese*,mia,1968,21,16,13
Rick Norton,mia,1968,0,4,1
Joe Kapp,min,1968,10,17,14
Tom Sherman,nwe,1968,12,16,7
Mike Taliaferro,nwe,1968,4,15,7
Billy Kilmer,nor,1968,15,17,11
Karl Sweetan,nor,1968,1,9,3
Fran Tarkenton*,nyg,1968,21,12,14
Joe Namath*+,nyj,1968,15,17,14
Norm Snead,phi,1968,11,21,11
King Hill,phi,1968,3,6,2
John Huarte,phi,1968,1,2,1
Dick Shiner,pit,1968,18,17,11
Kent Nix,pit,1968,4,8,3
John Brodie,sfo,1968,22,21,14
Pete Beathard,oti,1968,7,16,7
Don Trull,oti,1968,10,3,4
Bob Davis,oti,1968,0,6,3
Sonny Jurgensen,was,1968,17,11,12
Jim Ninowski,was,1968,4,6,2
Charley Johnson,crd,1969,13,13,9
Jim Hart,crd,1969,6,12,5
Bob Berry*,atl,1969,10,2,7
Randy Johnson,atl,1969,8,5,5
Bruce Lemmerman,atl,1969,1,4,2
Jack Kemp*,buf,1969,13,22,11
Dan Darragh,buf,1969,1,6,2
James Harris,buf,1969,1,1,1
Jack Concannon,chi,1969,4,8,5
Bobby Douglass,chi,1969,5,8,7
Virgil Carter,chi,1969,2,5,2
Greg Cook,cin,1969,15,11,11
Sam Wyche,cin,1969,7,4,3
Bill Nelsen*,cle,1969,23,19,14
Craig Morton,dal,1969,21,15,13
Roger Staubach,dal,1969,1,2,1
Steve Tensi,den,1969,14,12,12
Pete Liske,den,1969,9,11,2
Bill Munson,det,1969,7,8,7
Greg Landry,det,1969,4,10,7
Don Horn,gnb,1969,11,11,5
Bart Starr,gnb,1969,9,6,9
Johnny Unitas,clt,1969,12,20,12
Earl Morrall,clt,1969,5,7,2
Len Dawson*,kan,1969,9,13,7
Mike Livingston*,kan,1969,4,6,6
Jacky Lee,kan,1969,1,1,1
John Hadl*,sdg,1969,10,11,10
Marty Domres,sdg,1969,2,10,4
Roman Gabriel*+,ram,1969,24,7,14
Daryle Lamonica*+,rai,1969,34,25,14
Bob Griese,mia,1969,10,16,9
Rick Norton,mia,1969,2,11,5
Joe Kapp*,min,1969,19,13,13
Gary Cuozzo,min,1969,4,5,1
Mike Taliaferro*,nwe,1969,19,18,14
Billy Kilmer,nor,1969,20,17,14
Fran Tarkenton*,nyg,1969,23,8,14
Joe Namath*,nyj,1969,19,17,14
Norm Snead,phi,1969,19,23,13
George Mira,phi,1969,1,5,1
Dick Shiner,pit,1969,7,10,9
Terry Hanratty,pit,1969,8,13,5
John Brodie,sfo,1969,16,15,10
Steve Spurrier,sfo,1969,5,11,4
Pete Beathard,oti,1969,10,21,10
Don Trull,oti,1969,3,6,3
Bob Davis,oti,1969,2,4,1
Sonny Jurgensen*,was,1969,22,15,14
Jim Hart,crd,1970,14,18,14
Bob Berry,atl,1970,16,13,12
Randy Johnson,atl,1970,2,8,2
Dennis Shaw,buf,1970,10,20,12
Dan Darragh,buf,1970,0,2,2
Jack Concannon,chi,1970,16,18,13
Bobby Douglass,chi,1970,4,3,1
Virgil Carter,cin,1970,9,9,11
Sam Wyche,cin,1970,3,2,3
Bill Nelsen,cle,1970,16,16,12
Mike Phipps,cle,1970,1,5,1
Don Gault,cle,1970,0,3,1
Craig Morton,dal,1970,15,7,11
Roger Staubach,dal,1970,2,8,3
Pete Liske,den,1970,7,11,9
Steve Tensi,den,1970,3,8,2
Alan Pastrana,den,1970,1,9,3
Bill Munson,det,1970,10,7,8
Greg Landry,det,1970,9,5,6
Bart Starr,gnb,1970,8,13,13
Don Horn,gnb,1970,2,10,1
Johnny Unitas,clt,1970,14,18,13
Earl Morrall,clt,1970,9,4,1
Len Dawson,kan,1970,13,14,12
Mike Livingston,kan,1970,0,1,2
John Hadl,sdg,1970,22,15,12
Marty Domres,sdg,1970,2,4,2
Roman Gabriel,ram,1970,16,12,14
Daryle Lamonica*,rai,1970,22,15,14
Bob Griese*,mia,1970,12,17,14
Gary Cuozzo,min,1970,7,10,12
Bob Lee,min,1970,5,5,2
Joe Kapp,nwe,1970,3,17,10
Mike Taliaferro,nwe,1970,4,11,4
Billy Kilmer,nor,1970,6,17,10
Edd Hargett,nor,1970,5,5,4
Fran Tarkenton*,nyg,1970,19,12,14
Al Woodall,nyj,1970,9,9,9
Joe Namath,nyj,1970,5,12,5
Norm Snead,phi,1970,15,20,13
Rick Arrington,phi,1970,1,3,1
Terry Bradshaw,pit,1970,6,24,8
Terry Hanratty,pit,1970,5,8,6
John Brodie*+,sfo,1970,24,10,14
Charley Johnson,oti,1970,7,12,10
Jerry Rhome,oti,1970,5,8,4
Sonny Jurgensen,was,1970,23,10,14
Jim Hart,crd,1971,8,14,9
Pete Beathard,crd,1971,6,12,5
Bob Berry,atl,1971,11,16,10
Dick Shiner,atl,1971,5,5,4
Dennis Shaw,buf,1971,11,26,12
James Harris,buf,1971,1,6,2
Bobby Douglass,chi,1971,5,15,7
Kent Nix,chi,1971,6,10,4
Jack Concannon,chi,1971,0,3,3
Virgil Carter,cin,1971,10,7,10
Ken Anderson,cin,1971,5,4,4
Bill Nelsen,cle,1971,13,23,13
Mike Phipps,cle,1971,1,4,1
Roger Staubach*,dal,1971,15,4,10
Craig Morton,dal,1971,7,8,4
Steve Ramsey,den,1971,5,13,5
Don Horn,den,1971,3,14,9
Greg Landry*,det,1971,16,13,14
Scott Hunter,gnb,1971,7,17,10
Bart Starr,gnb,1971,0,3,3
Zeke Bratkowski,gnb,1971,4,3,1
Johnny Unitas,clt,1971,3,9,5
Earl Morrall,clt,1971,7,12,9
Len Dawson*,kan,1971,15,13,13
Mike Livingston,kan,1971,0,0,1
John Hadl,sdg,1971,21,25,14
Roman Gabriel,ram,1971,17,10,14
Daryle Lamonica,rai,1971,16,16,13
Ken Stabler,rai,1971,1,4,1
Bob Griese*+,mia,1971,19,9,13
George Mira,mia,1971,1,1,1
Gary Cuozzo,min,1971,6,8,8
Bob Lee,min,1971,2,4,4
Norm Snead,min,1971,1,6,2
Jim Plunkett,nwe,1971,19,16,14
Edd Hargett,nor,1971,6,5,4
Archie Manning,nor,1971,6,9,10
Fran Tarkenton,nyg,1971,11,21,13
Randy Johnson,nyg,1971,3,3,1
Bob Davis,nyj,1971,10,8,7
Al Woodall,nyj,1971,0,2,4
Joe Namath,nyj,1971,5,6,3
Pete Liske,phi,1971,11,15,10
Rick Arrington,phi,1971,2,5,4
Terry Bradshaw,pit,1971,13,22,13
Terry Hanratty,pit,1971,2,3,1
John Brodie,sfo,1971,18,24,14
Dan Pastorini,oti,1971,7,21,8
Charley Johnson,oti,1971,3,7,4
Lynn Dickey,oti,1971,0,9,2
Billy Kilmer,was,1971,13,13,13
Sonny Jurgensen,was,1971,0,2,1
Gary Cuozzo,crd,1972,5,11,6
Jim Hart,crd,1972,5,5,3
Tim Van Galder,crd,1972,1,7,5
Bob Berry,atl,1972,13,12,14
Dennis Shaw,buf,1972,14,17,13
Leo Hart,buf,1972,0,3,1
Bobby Douglass,chi,1972,9,12,14
Ken Anderson,cin,1972,7,7,13
Virgil Carter,cin,1972,3,4,1
Mike Phipps,cle,1972,13,16,13
Bill Nelsen,cle,1972,0,3,1
Craig Morton,dal,1972,15,21,14
Charley Johnson,den,1972,14,14,9
Steve Ramsey,den,1972,3,9,5
Greg Landry,det,1972,18,17,14
Scott Hunter,gnb,1972,6,9,14
Marty Domres,clt,1972,11,6,9
Johnny Unitas,clt,1972,4,6,5
Len Dawson,kan,1972,13,12,12
Mike Livingston,kan,1972,7,8,2
John Hadl*,sdg,1972,15,26,14
Roman Gabriel,ram,1972,12,15,12
Pete Beathard,ram,1972,1,7,2
Daryle Lamonica*,rai,1972,18,12,13
Ken Stabler,rai,1972,4,3,1
Earl Morrall+,mia,1972,11,7,9
Bob Griese,mia,1972,4,4,5
Fran Tarkenton,min,1972,18,13,14
Jim Plunkett,nwe,1972,8,25,14
Archie Manning,nor,1972,18,21,14
Norm Snead*,nyg,1972,17,12,13
Randy Johnson,nyg,1972,3,3,1
Joe Namath*,nyj,1972,19,21,13
Bob Davis,nyj,1972,2,1,1
John Reaves,phi,1972,7,12,7
Pete Liske,phi,1972,3,7,7
Terry Bradshaw,pit,1972,12,12,14
Steve Spurrier,sfo,1972,18,16,9
John Brodie,sfo,1972,9,8,5
Dan Pastorini,oti,1972,7,12,12
Kent Nix,oti,1972,3,6,2
Billy Kilmer*,was,1972,19,11,10
Sonny Jurgensen,was,1972,2,4,4
Jim Hart,crd,1973,15,10,12
Gary Keithley,crd,1973,1,5,2
Bob Lee,atl,1973,10,8,10
Dick Shiner,atl,1973,3,4,4
Joe Ferguson,buf,1973,4,10,14
Bobby Douglass,chi,1973,5,7,12
Gary Huff,chi,1973,3,8,2
Ken Anderson,cin,1973,18,12,14
Mike Phipps,cle,1973,9,20,14
Roger Staubach,dal,1973,23,15,14
Charley Johnson,den,1973,20,17,14
Bill Munson,det,1973,9,8,7
Greg Landry,det,1973,3,10,7
Jerry Tagge,gnb,1973,2,7,6
Scott Hunter,gnb,1973,2,4,5
Jim Del Gaizo,gnb,1973,2,6,3
Marty Domres,clt,1973,9,13,9
Bert Jones,clt,1973,4,12,5
Mike Livingston,kan,1973,6,7,8
Len Dawson,kan,1973,2,5,6
Dan Fouts,sdg,1973,6,13,6
Wayne Clark,sdg,1973,0,9,4
Johnny Unitas,sdg,1973,3,7,4
John Hadl*+,ram,1973,22,11,14
Ken Stabler*,rai,1973,14,10,11
Daryle Lamonica,rai,1973,2,8,3
Bob Griese*,mia,1973,17,8,13
Earl Morrall,mia,1973,0,4,1
Fran Tarkenton,min,1973,15,7,14
Jim Plunkett,nwe,1973,13,17,14
Archie Manning,nor,1973,10,12,13
Bobby Scott,nor,1973,1,3,1
Norm Snead,nyg,1973,7,22,7
Randy Johnson,nyg,1973,7,8,7
Al Woodall,nyj,1973,9,8,6
Joe Namath,nyj,1973,5,6,5
Bill Demory,nyj,1973,2,8,3
Roman Gabriel*,phi,1973,23,12,14
Terry Bradshaw,pit,1973,10,15,9
Terry Hanratty,pit,1973,8,5,4
Joe Gilliam,pit,1973,2,6,1
John Brodie,sfo,1973,3,12,6
Steve Spurrier,sfo,1973,4,7,5
Joe Reed,sfo,1973,2,6,3
Dan Pastorini,oti,1973,5,17,10
Lynn Dickey,oti,1973,6,10,4
Billy Kilmer,was,1973,14,9,10
Sonny Jurgensen,was,1973,6,5,4
Jim Hart*,crd,1974,20,8,14
Bob Lee,atl,1974,3,14,9
Pat Sullivan,atl,1974,1,8,3
Kim McQuilken,atl,1974,0,9,2
Joe Ferguson,buf,1974,12,12,14
Gary Huff,chi,1974,6,17,11
Bobby Douglass,chi,1974,2,4,3
Ken Anderson,cin,1974,18,10,13
Wayne Clark,cin,1974,0,3,1
Mike Phipps,cle,1974,9,17,9
Brian Sipe,cle,1974,1,7,5
Roger Staubach,dal,1974,11,15,14
Charley Johnson,den,1974,13,9,12
Steve Ramsey,den,1974,5,7,2
Bill Munson,det,1974,8,7,11
Greg Landry,det,1974,3,3,3
John Hadl,gnb,1974,3,8,6
Jerry Tagge,gnb,1974,1,10,6
Jack Concannon,gnb,1974,1,3,2
Bert Jones,clt,1974,8,12,8
Marty Domres,clt,1974,0,12,6
Len Dawson,kan,1974,7,13,8
Mike Livingston,kan,1974,4,10,6
Dan Fouts,sdg,1974,8,13,11
Jesse Freitas,sdg,1974,3,8,3
James Harris*,ram,1974,11,6,9
John Hadl,ram,1974,5,6,5
Ken Stabler*+,rai,1974,26,12,13
Larry Lawrence,rai,1974,0,1,1
Bob Griese*,mia,1974,16,15,13
Earl Morrall,mia,1974,2,3,1
Fran Tarkenton*,min,1974,17,12,13
Bob Berry,min,1974,5,1,1
Jim Plunkett,nwe,1974,19,22,14
Archie Manning,nor,1974,6,16,11
Bobby Scott,nor,1974,4,4,1
Larry Cipa,nor,1974,0,0,2
Craig Morton,nyg,1974,9,13,7
Norm Snead,nyg,1974,3,7,4
Jim Del Gaizo,nyg,1974,0,3,3
Joe Namath,nyj,1974,20,22,14
Roman Gabriel,phi,1974,9,12,11
Mike Boryla,phi,1974,5,3,3
Joe Gilliam,pit,1974,4,8,6
Terry Bradshaw,pit,1974,7,8,7
Terry Hanratty,pit,1974,1,5,1
Tom Owen,sfo,1974,10,15,7
Joe Reed,sfo,1974,2,7,4
Dennis Morrison,sfo,1974,1,5,2
Norm Snead,sfo,1974,2,1,1
Dan Pastorini,oti,1974,10,10,10
Lynn Dickey,oti,1974,2,8,4
Billy Kilmer,was,1974,10,6,10
Sonny Jurgensen,was,1974,11,5,4
Jim Hart*,crd,1975,19,19,14
Steve Bartkowski,atl,1975,13,15,11
Pat Sullivan,atl,1975,3,5,1
Kim McQuilken,atl,1975,1,9,2
Joe Ferguson,buf,1975,25,17,14
Gary Huff,chi,1975,3,9,9
Bob Avellini,chi,1975,6,11,4
Bobby Douglass,chi,1975,0,2,1
Ken Anderson*,cin,1975,21,11,13
John Reaves,cin,1975,2,3,1
Mike Phipps,cle,1975,4,19,11
Brian Sipe,cle,1975,1,3,2
Will Cureton,cle,1975,1,1,1
Roger Staubach*,dal,1975,17,16,13
Clint Longley,dal,1975,1,1,1
Steve Ramsey,den,1975,9,14,7
Charley Johnson,den,1975,5,12,6
John Hufnagel,den,1975,1,8,1
Joe Reed,det,1975,9,10,8
Bill Munson,det,1975,5,2,3
Greg Landry,det,1975,1,0,3
John Hadl,gnb,1975,6,21,13
Don Milan,gnb,1975,1,1,1
Bert Jones,clt,1975,18,8,14
Mike Livingston,kan,1975,8,6,7
Len Dawson,kan,1975,5,4,5
Tony Adams,kan,1975,2,4,2
Dan Fouts,sdg,1975,2,10,9
Jesse Freitas,sdg,1975,5,5,4
Virgil Carter,sdg,1975,0,1,1
James Harris,ram,1975,14,15,13
Ron Jaworski,ram,1975,0,2,1
Ken Stabler,rai,1975,16,24,13
Larry Lawrence,rai,1975,0,1,1
Bob Griese,mia,1975,14,13,10
Don Strock,mia,1975,2,2,3
Earl Morrall,mia,1975,3,2,1
Fran Tarkenton*+,min,1975,25,13,14
Steve Grogan,nwe,1975,11,18,7
Jim Plunkett,nwe,1975,3,7,5
Neil Graff,nwe,1975,2,3,2
Archie Manning,nor,1975,7,20,13
Larry Cipa,nor,1975,1,3,1
Craig Morton,nyg,1975,11,16,14
Joe Namath,nyj,1975,15,28,13
J.J. Jones,nyj,1975,1,5,1
Roman Gabriel,phi,1975,13,11,9
Mike Boryla*,phi,1975,6,12,5
Terry Bradshaw*,pit,1975,18,9,14
Steve Spurrier,sfo,1975,5,7,6
Norm Snead,sfo,1975,9,10,7
Tom Owen,sfo,1975,1,2,1
Dan Pastorini*,oti,1975,14,16,14
Billy Kilmer,was,1975,23,16,12
Randy Johnson,was,1975,4,10,2
Jim Hart*,crd,1976,18,13,14
Kim McQuilken,atl,1976,2,10,3
Steve Bartkowski,atl,1976,2,9,5
Scott Hunter,atl,1976,5,4,6
Gary Marangi,buf,1976,7,16,7
Joe Ferguson,buf,1976,9,1,7
Bob Avellini,chi,1976,8,15,14
Ken Anderson*,cin,1976,19,14,14
Brian Sipe,cle,1976,17,14,12
Mike Phipps,cle,1976,3,0,2
Roger Staubach*,dal,1976,14,11,14
Steve Ramsey,den,1976,11,13,12
Craig Penrose,den,1976,3,3,2
Greg Landry,det,1976,17,8,12
Joe Reed,det,1976,3,3,2
Lynn Dickey,gnb,1976,7,14,10
Carlos Brown,gnb,1976,2,6,3
Randy Johnson,gnb,1976,0,1,1
Bert Jones*+,clt,1976,24,9,14
Mike Livingston,kan,1976,12,13,14
Dan Fouts,sdg,1976,14,15,13
Clint Longley,sdg,1976,2,3,1
James Harris,ram,1976,8,6,5
Pat Haden,ram,1976,8,4,7
Ron Jaworski,ram,1976,1,5,2
Ken Stabler*,rai,1976,27,17,12
Mike Rae,rai,1976,6,1,2
Bob Griese,mia,1976,11,12,13
Don Strock,mia,1976,3,2,1
Fran Tarkenton*,min,1976,17,8,13
Bob Lee,min,1976,0,2,1
Steve Grogan,nwe,1976,18,20,14
Bobby Douglass,nor,1976,4,8,6
Bobby Scott,nor,1976,4,6,8
Craig Morton,nyg,1976,9,20,12
Norm Snead,nyg,1976,0,4,2
Joe Namath,nyj,1976,4,16,8
Richard Todd,nyj,1976,3,12,6
Mike Boryla,phi,1976,9,14,10
Roman Gabriel,phi,1976,2,2,4
Terry Bradshaw,pit,1976,10,9,8
Mike Kruczek,pit,1976,0,3,6
Jim Zorn,sea,1976,12,27,14
Jim Plunkett,sfo,1976,13,16,12
Scott Bull,sfo,1976,2,4,2
Steve Spurrier,tam,1976,7,12,12
Parnell Dickinson,tam,1976,1,5,1
Terry Hanratty,tam,1976,0,1,1
Dan Pastorini,oti,1976,10,10,10
John Hadl,oti,1976,7,8,4
Billy Kilmer,was,1976,12,10,9
Joe Theismann,was,1976,8,10,5
Jim Hart*,crd,1977,13,20,14
Scott Hunter,atl,1977,2,3,7
Steve Bartkowski,atl,1977,5,13,7
Joe Ferguson,buf,1977,12,24,14
Bob Avellini,chi,1977,11,18,14
Ken Anderson,cin,1977,11,11,13
John Reaves,cin,1977,0,5,1
Brian Sipe,cle,1977,9,14,9
Dave Mays,cle,1977,6,10,4
Terry Luck,cle,1977,1,7,1
Roger Staubach*,dal,1977,18,9,14
Craig Morton,den,1977,14,8,14
Greg Landry,det,1977,6,7,11
Gary Danielson,det,1977,1,5,2
Joe Reed,det,1977,0,4,1
Lynn Dickey,gnb,1977,5,14,9
David Whitehurst,gnb,1977,1,7,5
Bert Jones,clt,1977,17,11,14
Mike Livingston,kan,1977,9,15,11
Tony Adams,kan,1977,2,11,3
James Harris,sdg,1977,5,11,9
Dan Fouts,sdg,1977,4,6,4
Cliff Olander,sdg,1977,0,2,1
Pat Haden*,ram,1977,11,6,10
Joe Namath,ram,1977,3,5,4
Ken Stabler*,rai,1977,20,20,13
Mike Rae,rai,1977,1,4,1
Bob Griese*+,mia,1977,22,13,14
Fran Tarkenton,min,1977,9,14,9
Bob Lee,min,1977,4,4,4
Tommy Kramer,min,1977,5,4,1
Steve Grogan,nwe,1977,17,21,14
Archie Manning,nor,1977,8,9,9
Bobby Scott,nor,1977,3,8,3
Bobby Douglass,nor,1977,1,3,2
Joe Pisarcik,nyg,1977,4,14,11
Jerry Golsteyn,nyg,1977,2,8,3
Richard Todd,nyj,1977,11,17,11
Matt Robinson,nyj,1977,2,8,1
Marty Domres,nyj,1977,1,1,2
Ron Jaworski,phi,1977,18,21,14
Terry Bradshaw,pit,1977,17,19,14
Jim Zorn,sea,1977,16,19,10
Steve Myer,sea,1977,6,12,4
Jim Plunkett,sfo,1977,9,14,14
Gary Huff,tam,1977,3,13,6
Randy Hedberg,tam,1977,0,10,4
Jeb Blount,tam,1977,0,7,4
Dan Pastorini,oti,1977,13,18,12
John Hadl,oti,1977,0,3,2
Billy Kilmer,was,1977,8,7,8
Joe Theismann,was,1977,7,9,6
Jim Hart,crd,1978,16,18,15
Steve Pisarkiewicz,crd,1978,0,3,1
Steve Bartkowski,atl,1978,10,18,13
June Jones,atl,1978,1,4,3
Joe Ferguson,buf,1978,16,15,16
Bob Avellini,chi,1978,5,16,12
Mike Phipps,chi,1978,2,10,4
Ken Anderson,cin,1978,10,22,12
John Reaves,cin,1978,3,8,4
Brian Sipe,cle,1978,21,15,16
Roger Staubach*,dal,1978,25,16,15
Craig Morton,den,1978,11,8,13
Norris Weese,den,1978,4,5,1
Craig Penrose,den,1978,2,4,2
Gary Danielson,det,1978,18,17,11
Greg Landry,det,1978,1,1,5
David Whitehurst,gnb,1978,10,17,16
Bill Troup,clt,1978,10,21,11
Bert Jones,clt,1978,4,1,3
Mike Kirkland,clt,1978,1,8,2
Mike Livingston,kan,1978,5,13,14
Tony Adams,kan,1978,2,3,2
Dan Fouts,sdg,1978,24,20,14
James Harris,sdg,1978,2,9,2
Pat Haden,ram,1978,13,19,16
Ken Stabler,rai,1978,16,30,16
Bob Griese*,mia,1978,11,11,9
Don Strock,mia,1978,12,6,7
Fran Tarkenton,min,1978,25,32,16
Steve Grogan,nwe,1978,15,23,16
Archie Manning*,nor,1978,17,16,16
Joe Pisarcik,nyg,1978,12,23,12
Jerry Golsteyn,nyg,1978,0,1,2
Randy Dean,nyg,1978,1,3,2
Matt Robinson,nyj,1978,13,16,11
Richard Todd,nyj,1978,6,10,5
Ron Jaworski,phi,1978,16,16,16
Terry Bradshaw*+,pit,1978,28,20,16
Jim Zorn,sea,1978,15,20,16
Steve DeBerg,sfo,1978,8,22,11
Scott Bull,sfo,1978,1,11,5
Doug Williams,tam,1978,7,8,10
Mike Rae,tam,1978,4,7,5
Mike Boryla,tam,1978,0,0,1
Dan Pastorini,oti,1978,16,17,16
Joe Theismann,was,1978,13,18,14
Billy Kilmer,was,1978,4,3,2
Jim Hart,crd,1979,9,20,13
Steve Pisarkiewicz,crd,1979,3,4,3
Steve Bartkowski,atl,1979,17,20,14
June Jones,atl,1979,2,3,2
Joe Ferguson,buf,1979,14,15,16
Mike Phipps,chi,1979,9,8,10
Vince Evans,chi,1979,4,5,3
Bob Avellini,chi,1979,2,3,3
Ken Anderson,cin,1979,16,10,15
Jack Thompson,cin,1979,1,5,1
Brian Sipe,cle,1979,28,26,16
Roger Staubach*,dal,1979,27,11,16
Craig Morton,den,1979,16,19,10
Norris Weese,den,1979,1,3,6
Jeff Komlo,det,1979,11,23,14
Joe Reed,det,1979,2,1,1
Jerry Golsteyn,det,1979,0,2,1
David Whitehurst,gnb,1979,10,18,13
Lynn Dickey,gnb,1979,5,4,3
Greg Landry,clt,1979,15,15,12
Bert Jones,clt,1979,3,3,4
Steve Fuller,kan,1979,6,14,12
Mike Livingston,kan,1979,1,4,4
Dan Fouts*+,sdg,1979,24,24,16
Pat Haden,ram,1979,11,14,10
Vince Ferragamo,ram,1979,5,10,5
Jeff Rutledge,ram,1979,1,4,1
Ken Stabler,rai,1979,26,22,16
Bob Griese,mia,1979,14,16,12
Don Strock,mia,1979,6,6,4
Tommy Kramer,min,1979,23,24,16
Steve Grogan,nwe,1979,28,20,16
Archie Manning*,nor,1979,15,20,16
Phil Simms,nyg,1979,13,14,11
Joe Pisarcik,nyg,1979,2,6,4
Randy Dean,nyg,1979,0,2,1
Richard Todd,nyj,1979,16,22,15
Matt Robinson,nyj,1979,0,2,1
Ron Jaworski,phi,1979,18,12,16
Terry Bradshaw*,pit,1979,26,25,16
Jim Zorn,sea,1979,20,18,16
Steve DeBerg,sfo,1979,17,21,15
Joe Montana,sfo,1979,1,0,1
Doug Williams,tam,1979,18,24,16
Dan Pastorini,oti,1979,14,18,15
Gifford Nielsen,oti,1979,3,3,1
Joe Theismann,was,1979,20,13,16
Jim Hart,crd,1980,16,20,15
Mike Loyd,crd,1980,0,1,1
Steve Bartkowski*,atl,1980,31,16,16
Joe Ferguson,buf,1980,20,18,16
Vince Evans,chi,1980,11,16,10
Mike Phipps,chi,1980,2,9,6
Ken Anderson,cin,1980,6,13,12
Jack Thompson,cin,1980,11,12,4
Brian Sipe*+,cle,1980,30,14,16
Danny White,dal,1980,28,25,16
Craig Morton,den,1980,12,13,9
Matt Robinson,den,1980,2,12,7
Gary Danielson,det,1980,13,11,16
Lynn Dickey,gnb,1980,15,25,16
Bert Jones,clt,1980,23,21,15
Greg Landry,clt,1980,2,3,1
Steve Fuller,kan,1980,10,12,13
Bill Kenney,kan,1980,5,2,3
Dan Fouts*,sdg,1980,30,24,16
Vince Ferragamo,ram,1980,30,19,15
Pat Haden,ram,1980,0,4,1
Jim Plunkett,rai,1980,18,16,11
Dan Pastorini,rai,1980,5,8,5
David Woodley,mia,1980,14,17,11
Bob Griese,mia,1980,6,4,3
Don Strock,mia,1980,1,5,2
Tommy Kramer,min,1980,19,23,15
Steve Dils,min,1980,3,0,1
Steve Grogan,nwe,1980,18,22,12
Matt Cavanaugh,nwe,1980,9,5,4
Archie Manning,nor,1980,23,20,16
Phil Simms,nyg,1980,15,19,13
Scott Brunner,nyg,1980,4,6,3
Richard Todd,nyj,1980,17,30,16
Ron Jaworski*,phi,1980,27,12,16
Terry Bradshaw,pit,1980,24,22,15
Cliff Stoudt,pit,1980,2,2,1
Jim Zorn,sea,1980,17,20,16
Steve DeBerg,sfo,1980,12,17,9
Joe Montana,sfo,1980,15,9,7
Doug Williams,tam,1980,20,16,16
Ken Stabler,oti,1980,13,28,16
Joe Theismann,was,1980,17,16,15
Mike Kruczek,was,1980,0,2,1
Jim Hart,crd,1981,11,14,9
Neil Lomax,crd,1981,4,10,7
Steve Bartkowski*,atl,1981,30,23,16
Joe Ferguson,buf,1981,24,20,16
Vince Evans,chi,1981,11,20,16
Ken Anderson*+,cin,1981,29,10,16
Brian Sipe,cle,1981,17,25,16
Danny White,dal,1981,22,13,15
Glenn Carano,dal,1981,1,1,1
Craig Morton,den,1981,21,14,15
Steve DeBerg,den,1981,6,6,1
Eric Hipple,det,1981,14,15,10
Gary Danielson,det,1981,3,5,4
Jeff Komlo,det,1981,1,3,2
Lynn Dickey,gnb,1981,17,15,13
David Whitehurst,gnb,1981,7,5,3
Bert Jones,clt,1981,21,20,15
David Humm,clt,1981,0,2,1
Bill Kenney,kan,1981,9,16,13
Steve Fuller,kan,1981,3,4,3
Dan Fouts*,sdg,1981,33,17,16
Pat Haden,ram,1981,9,13,11
Dan Pastorini,ram,1981,2,14,5
Marc Wilson,rai,1981,14,19,9
Jim Plunkett,rai,1981,4,9,7
David Woodley,mia,1981,12,13,15
Don Strock,mia,1981,6,8,1
Tommy Kramer,min,1981,26,24,14
Steve Dils,min,1981,1,2,2
Matt Cavanaugh,nwe,1981,5,13,8
Steve Grogan,nwe,1981,7,16,7
Tom Owen,nwe,1981,1,4,1
Archie Manning,nor,1981,5,11,11
Dave Wilson,nor,1981,1,11,4
Bobby Scott,nor,1981,1,5,1
Phil Simms,nyg,1981,11,9,10
Scott Brunner,nyg,1981,5,11,6
Richard Todd,nyj,1981,25,13,16
Ron Jaworski,phi,1981,23,20,16
Terry Bradshaw,pit,1981,22,14,14
Mark Malone,pit,1981,3,5,3
Jim Zorn,sea,1981,13,9,13
Dave Krieg,sea,1981,7,5,3
Joe Montana*,sfo,1981,19,12,16
Doug Williams,tam,1981,19,14,16
Ken Stabler,oti,1981,14,18,12
Gifford Nielsen,oti,1981,5,3,2
John Reaves,oti,1981,2,2,2
Joe Theismann,was,1981,19,20,16
Neil Lomax,crd,1982,5,6,9
Steve Bartkowski,atl,1982,8,11,9
Joe Ferguson,buf,1982,7,16,9
Jim McMahon,chi,1982,9,7,7
Bob Avellini,chi,1982,0,0,2
Ken Anderson*,cin,1982,12,9,9
Brian Sipe,cle,1982,4,8,6
Paul McDonald,cle,1982,5,8,3
Danny White*,dal,1982,16,12,9
Steve DeBerg,den,1982,7,11,5
Mark Herrmann,den,1982,1,4,1
Craig Morton,den,1982,0,3,3
Gary Danielson,det,1982,10,14,5
Eric Hipple,det,1982,2,4,4
Lynn Dickey,gnb,1982,12,14,9
Mike Pagel,clt,1982,5,7,9
Bill Kenney,kan,1982,7,6,6
Steve Fuller,kan,1982,3,2,3
Dan Fouts*+,sdg,1982,17,11,9
Vince Ferragamo,ram,1982,9,9,5
Bert Jones,ram,1982,2,4,4
Jim Plunkett,rai,1982,14,15,9
David Woodley,mia,1982,5,8,9
Tommy Kramer,min,1982,15,12,9
Steve Grogan,nwe,1982,7,4,6
Matt Cavanaugh,nwe,1982,5,5,3
Ken Stabler,nor,1982,6,10,8
Guido Merkens,nor,1982,1,2,1
Scott Brunner,nyg,1982,10,9,9
Richard Todd,nyj,1982,14,8,9
Ron Jaworski,phi,1982,12,12,9
Terry Bradshaw,pit,1982,17,11,9
Jim Zorn,sea,1982,7,11,7
Dave Krieg,sea,1982,2,2,2
Joe Montana,sfo,1982,17,11,9
Doug Williams,tam,1982,9,11,9
Gifford Nielsen,oti,1982,6,8,4
Archie Manning,oti,1982,6,6,5
Joe Theismann*,was,1982,13,9,9
Neil Lomax,crd,1983,24,11,13
Jim Hart,crd,1983,4,8,3
Steve Bartkowski,atl,1983,22,5,14
Mike Moroski,atl,1983,2,4,2
Joe Ferguson,buf,1983,26,25,16
Jim McMahon,chi,1983,12,13,13
Vince Evans,chi,1983,5,7,3
Ken Anderson,cin,1983,12,13,13
Turk Schonert,cin,1983,2,5,3
Brian Sipe,cle,1983,26,23,14
Paul McDonald,cle,1983,1,4,2
Danny White,dal,1983,29,23,16
John Elway,den,1983,7,14,10
Steve DeBerg,den,1983,9,7,5
Gary Kubiak,den,1983,1,1,1
Eric Hipple,det,1983,12,18,16
Lynn Dickey,gnb,1983,32,29,16
Mike Pagel,clt,1983,12,17,15
Mark Herrmann,clt,1983,0,3,1
Bill Kenney*,kan,1983,24,18,16
Dan Fouts*,sdg,1983,20,15,10
Ed Luther,sdg,1983,7,17,6
Vince Ferragamo,ram,1983,22,23,16
Jim Plunkett,rai,1983,20,18,13
Marc Wilson,rai,1983,8,6,3
Dan Marino*,mia,1983,20,6,9
David Woodley,mia,1983,3,4,5
Don Strock,mia,1983,4,1,2
Steve Dils,min,1983,11,16,12
Tommy Kramer,min,1983,3,4,3
Wade Wilson,min,1983,1,2,1
Steve Grogan,nwe,1983,15,12,12
Tony Eason,nwe,1983,1,5,4
Ken Stabler,nor,1983,9,18,14
Dave Wilson,nor,1983,5,7,2
Scott Brunner,nyg,1983,9,22,12
Jeff Rutledge,nyg,1983,3,8,4
Richard Todd,nyj,1983,18,26,16
Ron Jaworski,phi,1983,20,18,16
Cliff Stoudt,pit,1983,12,21,15
Terry Bradshaw,pit,1983,2,0,1
Dave Krieg,sea,1983,18,11,8
Jim Zorn,sea,1983,7,7,8
Joe Montana*,sfo,1983,26,12,16
Jack Thompson,tam,1983,18,21,13
Jerry Golsteyn,tam,1983,0,2,3
Oliver Luck,oti,1983,8,13,6
Gifford Nielsen,oti,1983,5,8,7
Archie Manning,oti,1983,2,8,3
Joe Theismann*+,was,1983,29,11,16
Neil Lomax*,crd,1984,28,16,16
Steve Bartkowski,atl,1984,11,10,11
Mike Moroski,atl,1984,2,9,5
Joe Ferguson,buf,1984,12,17,11
Joe Dufek,buf,1984,4,8,5
Jim McMahon,chi,1984,8,2,9
Rusty Lisch,chi,1984,0,6,1
Steve Fuller,chi,1984,3,0,4
Bob Avellini,chi,1984,0,3,1
Greg Landry,chi,1984,1,3,1
Ken Anderson,cin,1984,10,12,9
Turk Schonert,cin,1984,4,7,3
Boomer Esiason,cin,1984,3,3,4
Paul McDonald,cle,1984,14,23,16
Gary Hogeboom,dal,1984,7,14,10
Danny White,dal,1984,11,11,6
John Elway,den,1984,18,15,14
Gary Kubiak,den,1984,4,1,2
Gary Danielson,det,1984,17,15,14
Eric Hipple,det,1984,1,1,1
John Witkowski,det,1984,0,0,1
Lynn Dickey,gnb,1984,25,19,15
Randy Wright,gnb,1984,2,6,1
Mike Pagel,clt,1984,8,8,9
Art Schlichter,clt,1984,3,7,5
Mark Herrmann,clt,1984,1,6,2
Todd Blackledge,kan,1984,6,11,8
Bill Kenney,kan,1984,15,10,8
Dan Fouts,sdg,1984,19,17,13
Ed Luther,sdg,1984,5,3,3
Jeff Kemp,ram,1984,13,7,13
Vince Ferragamo,ram,1984,2,8,3
Marc Wilson,rai,1984,15,17,10
Jim Plunkett,rai,1984,6,10,6
Dan Marino*+,mia,1984,48,17,16
Tommy Kramer,min,1984,9,10,9
Wade Wilson,min,1984,5,11,5
Archie Manning,min,1984,2,3,2
Tony Eason,nwe,1984,23,8,13
Steve Grogan,nwe,1984,3,6,3
Richard Todd,nor,1984,11,19,14
Dave Wilson,nor,1984,7,4,2
Phil Simms,nyg,1984,22,18,16
Pat Ryan,nyj,1984,14,14,11
Ken O'Brien,nyj,1984,6,7,5
Ron Jaworski,phi,1984,16,14,13
Joe Pisarcik,phi,1984,3,3,3
Mark Malone,pit,1984,16,17,9
David Woodley,pit,1984,8,7,7
Dave Krieg*,sea,1984,32,24,16
Joe Montana*,sfo,1984,28,10,15
Matt Cavanaugh,sfo,1984,4,0,1
Steve DeBerg,tam,1984,19,18,13
Jack Thompson,tam,1984,2,5,3
Warren Moon,oti,1984,12,14,16
Joe Theismann,was,1984,24,13,16
Neil Lomax,crd,1985,18,12,16
David Archer,atl,1985,7,17,11
Steve Bartkowski,atl,1985,5,1,5
Vince Ferragamo,buf,1985,5,17,9
Bruce Mathison,buf,1985,4,14,7
Jim McMahon*,chi,1985,15,11,11
Steve Fuller,chi,1985,1,5,5
Boomer Esiason,cin,1985,27,12,14
Ken Anderson,cin,1985,2,0,2
Bernie Kosar,cle,1985,8,7,10
Gary Danielson,cle,1985,8,6,6
Danny White,dal,1985,21,17,14
Gary Hogeboom,dal,1985,5,7,2
John Elway,den,1985,22,23,16
Eric Hipple,det,1985,17,18,15
Joe Ferguson,det,1985,2,3,1
Lynn Dickey,gnb,1985,15,17,10
Jim Zorn,gnb,1985,4,6,5
Randy Wright,gnb,1985,2,4,1
Mike Pagel,clt,1985,14,15,14
Matt Kofler,clt,1985,1,3,1
Art Schlichter,clt,1985,0,2,1
Bill Kenney,kan,1985,17,9,10
Todd Blackledge,kan,1985,6,14,6
Dan Fouts*,sdg,1985,27,20,12
Mark Herrmann,sdg,1985,10,10,4
Dieter Brock,ram,1985,16,13,15
Jeff Kemp,ram,1985,0,1,1
Marc Wilson,rai,1985,16,21,13
Jim Plunkett,rai,1985,3,3,3
Dan Marino*+,mia,1985,30,21,16
Tommy Kramer,min,1985,19,26,15
Wade Wilson,min,1985,3,3,1
Tony Eason,nwe,1985,11,17,10
Steve Grogan,nwe,1985,7,5,6
Dave Wilson,nor,1985,11,15,10
Bobby Hebert,nor,1985,5,4,6
Phil Simms*,nyg,1985,22,20,16
Ken O'Brien*,nyj,1985,25,8,16
Ron Jaworski,phi,1985,17,20,12
Randall Cunningham,phi,1985,1,8,4
Mark Malone,pit,1985,13,7,8
David Woodley,pit,1985,6,14,6
Scott Campbell,pit,1985,4,6,2
Dave Krieg,sea,1985,27,20,16
Joe Montana*,sfo,1985,27,13,15
Matt Cavanaugh,sfo,1985,1,1,1
Steve DeBerg,tam,1985,19,18,11
Steve Young,tam,1985,3,8,5
Warren Moon,oti,1985,15,19,14
Oliver Luck,oti,1985,2,2,2
Joe Theismann,was,1985,8,16,11
Jay Schroeder,was,1985,5,5,5
Neil Lomax,crd,1986,13,12,14
Cliff Stoudt,crd,1986,3,7,2
David Archer,atl,1986,10,9,11
Turk Schonert,atl,1986,4,8,5
Jim Kelly,buf,1986,22,17,16
Mike Tomczak,chi,1986,2,10,7
Jim McMahon,chi,1986,5,8,6
Steve Fuller,chi,1986,2,4,2
Doug Flutie,chi,1986,3,2,1
Boomer Esiason*,cin,1986,24,17,16
Bernie Kosar,cle,1986,17,10,16
Steve Pelluer,dal,1986,8,17,9
Danny White,dal,1986,12,5,6
Reggie Collier,dal,1986,1,2,1
John Elway*,den,1986,19,13,16
Eric Hipple,det,1986,9,11,10
Joe Ferguson,det,1986,7,7,4
Chuck Long,det,1986,2,2,2
Randy Wright,gnb,1986,17,23,16
Jack Trudeau,clt,1986,8,18,11
Gary Hogeboom,clt,1986,6,6,5
Bill Kenney,kan,1986,13,11,8
Todd Blackledge,kan,1986,10,6,8
Dan Fouts,sdg,1986,16,22,12
Mark Herrmann,sdg,1986,2,3,1
Tom Flick,sdg,1986,2,8,3
Jim Everett,ram,1986,8,8,5
Steve Dils,ram,1986,4,4,5
Steve Bartkowski,ram,1986,2,3,6
Jim Plunkett,rai,1986,14,9,8
Marc Wilson,rai,1986,12,15,8
Dan Marino*+,mia,1986,44,23,16
Tommy Kramer*,min,1986,24,10,13
Wade Wilson,min,1986,7,5,3
Tony Eason,nwe,1986,19,10,14
Steve Grogan,nwe,1986,9,2,2
Dave Wilson,nor,1986,10,17,13
Bobby Hebert,nor,1986,2,8,3
Phil Simms,nyg,1986,21,22,16
Ken O'Brien,nyj,1986,25,20,14
Pat Ryan,nyj,1986,2,1,2
Ron Jaworski,phi,1986,8,6,9
Randall Cunningham,phi,1986,8,7,5
Matt Cavanaugh,phi,1986,2,4,2
Mark Malone,pit,1986,15,18,14
Bubby Brister,pit,1986,0,2,2
Dave Krieg,sea,1986,21,11,14
Gale Gilbert,sea,1986,3,3,2
Joe Montana,sfo,1986,8,9,8
Jeff Kemp,sfo,1986,11,8,6
Mike Moroski,sfo,1986,2,3,2
Steve Young,tam,1986,8,13,14
Steve DeBerg,tam,1986,5,12,2
Warren Moon,oti,1986,13,26,15
Oliver Luck,oti,1986,1,5,1
Jay Schroeder*,was,1986,22,22,16
Neil Lomax*,crd,1987,24,12,12
Shawn Halloran,crd,1987,0,1,2
Sammy Garza,crd,1987,1,2,1
Scott Campbell,atl,1987,11,14,9
Erik Kramer,atl,1987,4,5,2
Chris Miller,atl,1987,1,9,2
Jeff Van Raaphorst,atl,1987,1,2,1
David Archer,atl,1987,0,2,1
Jim Kelly*,buf,1987,19,11,12
Brian McClure,buf,1987,0,3,1
Willie Totten,buf,1987,2,2,1
Dan Manucci,buf,1987,0,2,1
Jim McMahon,chi,1987,12,8,6
Mike Tomczak,chi,1987,5,10,6
Mike Hohensee,chi,1987,4,1,2
Steve Bradley,chi,1987,2,3,1
Boomer Esiason,cin,1987,16,19,12
Dave Walter,cin,1987,0,0,2
Adrian Breen,cin,1987,1,0,1
Bernie Kosar*,cle,1987,22,9,12
Jeff Christensen,cle,1987,1,3,2
Gary Danielson,cle,1987,4,0,1
Danny White,dal,1987,12,17,9
Steve Pelluer,dal,1987,3,2,4
Kevin Sweeney,dal,1987,4,1,2
John Elway*,den,1987,19,12,12
Ken Karcher,den,1987,5,4,3
Chuck Long,det,1987,11,20,12
Todd Hons,det,1987,5,5,3
Randy Wright,gnb,1987,6,11,7
Don Majkowski,gnb,1987,5,3,5
Alan Risher,gnb,1987,3,3,3
Jack Trudeau,clt,1987,6,6,8
Gary Hogeboom,clt,1987,9,5,6
Blair Kiel,clt,1987,1,3,1
Bill Kenney,kan,1987,15,9,8
Matt Stevens,kan,1987,1,1,2
Frank Seurer,kan,1987,0,4,2
Todd Blackledge,kan,1987,1,1,2
Doug Hudson,kan,1987,0,0,1
Dan Fouts,sdg,1987,10,15,10
Rick Neuheisel,sdg,1987,1,1,2
Mark Herrmann,sdg,1987,1,5,2
Mike Kelley,sdg,1987,1,0,1
Jim Everett,ram,1987,10,13,11
Steve Dils,ram,1987,5,4,4
Marc Wilson,rai,1987,12,8,7
Rusty Hilger,rai,1987,2,6,5
Vince Evans,rai,1987,5,4,3
Dan Marino*,mia,1987,26,13,12
Kyle Mackey,mia,1987,3,5,3
Wade Wilson,min,1987,14,13,7
Tony Adams,min,1987,3,5,3
Tommy Kramer,min,1987,4,3,5
Steve Grogan,nwe,1987,10,9,6
Tom Ramsey,nwe,1987,6,6,3
Tony Eason,nwe,1987,3,2,3
Bob Bleier,nwe,1987,1,1,2
Doug Flutie,nwe,1987,1,0,1
Bobby Hebert,nor,1987,15,9,12
John Fourcade,nor,1987,4,3,3
Phil Simms,nyg,1987,17,9,9
Jeff Rutledge,nyg,1987,5,11,4
Mike Busch,nyg,1987,3,2,1
Jim Crocicchia,nyg,1987,1,0,1
Ken O'Brien,nyj,1987,13,8,12
David Norrie,nyj,1987,1,4,2
Pat Ryan,nyj,1987,4,2,1
Randall Cunningham,phi,1987,23,12,12
Scott Tinsley,phi,1987,3,4,3
Mark Malone,pit,1987,6,19,12
Steve Bono,pit,1987,5,2,3
Dave Krieg,sea,1987,23,15,12
Bruce Mathison,sea,1987,3,5,2
Jeff Kemp,sea,1987,5,1,1
Joe Montana*+,sfo,1987,31,13,11
Steve Young,sfo,1987,10,0,3
Bob Gagliano,sfo,1987,1,1,1
Steve DeBerg,tam,1987,14,7,8
Vinny Testaverde,tam,1987,5,6,4
Jim Zorn,tam,1987,0,2,1
John Reaves,tam,1987,1,0,2
Warren Moon,oti,1987,21,18,12
Brent Pease,oti,1987,3,5,3
Jay Schroeder,was,1987,12,10,10
Doug Williams,was,1987,11,5,2
Ed Rubbert,was,1987,4,1,3
Neil Lomax,crd,1988,20,11,14
Cliff Stoudt,crd,1988,6,8,2
Chris Miller,atl,1988,11,12,13
Steve Dils,atl,1988,2,5,3
Jim Kelly*,buf,1988,15,17,16
Jim McMahon,chi,1988,6,7,9
Mike Tomczak,chi,1988,7,6,5
Jim Harbaugh,chi,1988,0,2,2
Boomer Esiason*+,cin,1988,28,14,16
Bernie Kosar,cle,1988,10,7,9
Mike Pagel,cle,1988,3,4,4
Don Strock,cle,1988,6,5,2
Gary Danielson,cle,1988,0,1,1
Steve Pelluer,dal,1988,17,19,14
Kevin Sweeney,dal,1988,3,5,2
John Elway,den,1988,17,19,15
Gary Kubiak,den,1988,5,3,1
Rusty Hilger,det,1988,7,12,9
Chuck Long,det,1988,6,6,7
Don Majkowski,gnb,1988,9,11,9
Randy Wright,gnb,1988,4,13,7
Chris Chandler,clt,1988,8,12,13
Gary Hogeboom,clt,1988,7,7,1
Jack Trudeau,clt,1988,0,3,2
Steve DeBerg,kan,1988,16,16,11
Bill Kenney,kan,1988,0,5,5
Mark Malone,sdg,1988,6,13,8
Babe Laufenberg,sdg,1988,4,5,6
Mark Vlasic,sdg,1988,1,2,2
Jim Everett,ram,1988,31,18,16
Jay Schroeder,rai,1988,13,13,8
Steve Beuerlein,rai,1988,8,7,8
Dan Marino,mia,1988,28,23,16
Wade Wilson*,min,1988,15,9,10
Tommy Kramer,min,1988,5,9,6
Doug Flutie,nwe,1988,8,10,9
Steve Grogan,nwe,1988,4,13,4
Tony Eason,nwe,1988,0,2,2
Tom Ramsey,nwe,1988,0,3,1
Bobby Hebert,nor,1988,20,15,16
Phil Simms,nyg,1988,21,11,15
Jeff Hostetler,nyg,1988,1,2,1
Ken O'Brien,nyj,1988,15,7,12
Pat Ryan,nyj,1988,5,4,4
Randall Cunningham*,phi,1988,24,16,16
Bubby Brister,pit,1988,11,14,13
Todd Blackledge,pit,1988,2,3,3
Dave Krieg*,sea,1988,18,8,9
Kelly Stouffer,sea,1988,4,6,6
Jeff Kemp,sea,1988,0,5,1
Joe Montana,sfo,1988,18,10,13
Steve Young,sfo,1988,3,3,3
Vinny Testaverde,tam,1988,13,35,15
Joe Ferguson,tam,1988,3,1,1
Warren Moon*,oti,1988,17,8,11
Cody Carlson,oti,1988,4,6,5
Doug Williams,was,1988,15,12,10
Mark Rypien,was,1988,18,13,6
Gary Hogeboom,crd,1989,14,19,13
Tom Tupa,crd,1989,3,9,2
Timm Rosenbach,crd,1989,0,1,1
Chris Miller,atl,1989,16,10,15
Hugh Millen,atl,1989,1,2,1
Jim Kelly,buf,1989,25,18,13
Frank Reich,buf,1989,7,2,3
Mike Tomczak,chi,1989,16,16,11
Jim Harbaugh,chi,1989,5,9,5
Boomer Esiason*,cin,1989,28,11,15
Turk Schonert,cin,1989,0,0,1
Bernie Kosar,cle,1989,18,14,16
Troy Aikman,dal,1989,9,18,11
Steve Walsh,dal,1989,5,9,5
John Elway*,den,1989,18,18,15
Gary Kubiak,den,1989,2,2,1
Bob Gagliano,det,1989,6,12,7
Rodney Peete,det,1989,5,9,8
Eric Hipple,det,1989,0,3,1
Don Majkowski*,gnb,1989,27,20,16
Jack Trudeau,clt,1989,15,13,12
Chris Chandler,clt,1989,2,3,3
Tom Ramsey,clt,1989,1,1,1
Steve DeBerg,kan,1989,11,16,10
Ron Jaworski,kan,1989,2,5,3
Steve Pelluer,kan,1989,1,0,3
Jim McMahon,sdg,1989,10,10,11
Billy Joe Tolliver,sdg,1989,5,8,5
Jim Everett,ram,1989,29,17,16
Steve Beuerlein,rai,1989,13,9,7
Jay Schroeder,rai,1989,8,13,9
Dan Marino,mia,1989,24,22,16
Wade Wilson,min,1989,9,12,12
Tommy Kramer,min,1989,7,7,4
Steve Grogan,nwe,1989,9,14,6
Marc Wilson,nwe,1989,3,5,4
Tony Eason,nwe,1989,3,4,3
Doug Flutie,nwe,1989,2,4,3
Bobby Hebert,nor,1989,15,15,13
John Fourcade,nor,1989,7,4,3
Phil Simms,nyg,1989,14,14,15
Jeff Hostetler,nyg,1989,3,2,1
Ken O'Brien,nyj,1989,12,18,12
Tony Eason,nyj,1989,1,2,2
Pat Ryan,nyj,1989,1,3,1
Kyle Mackey,nyj,1989,0,1,1
Randall Cunningham*,phi,1989,21,15,16
Bubby Brister,pit,1989,9,10,14
Todd Blackledge,pit,1989,1,3,2
Dave Krieg*,sea,1989,21,20,14
Kelly Stouffer,sea,1989,0,3,2
Joe Montana*+,sfo,1989,26,8,13
Steve Young,sfo,1989,8,3,3
Vinny Testaverde,tam,1989,20,22,14
Joe Ferguson,tam,1989,3,6,2
Warren Moon*,oti,1989,23,14,16
Mark Rypien*,was,1989,22,13,14
Doug Williams,was,1989,1,3,2
Timm Rosenbach,crd,1990,16,17,16
Chris Miller,atl,1990,17,14,12
Scott Campbell,atl,1990,3,4,2
Hugh Millen,atl,1990,1,0,2
Jim Kelly*,buf,1990,24,9,14
Frank Reich,buf,1990,2,0,2
Jim Harbaugh,chi,1990,10,6,14
Mike Tomczak,chi,1990,3,5,2
Boomer Esiason,cin,1990,24,22,16
Bernie Kosar,cle,1990,10,15,13
Mike Pagel,cle,1990,3,8,3
Troy Aikman,dal,1990,11,18,15
Babe Laufenberg,dal,1990,1,6,1
John Elway,den,1990,15,14,16
Rodney Peete,det,1990,13,8,11
Bob Gagliano,det,1990,10,10,4
Andre Ware,det,1990,1,2,1
Don Majkowski,gnb,1990,10,12,8
Anthony Dilweg,gnb,1990,8,7,7
Blair Kiel,gnb,1990,2,2,1
Jeff George,clt,1990,16,13,12
Jack Trudeau,clt,1990,6,6,4
Steve DeBerg,kan,1990,23,4,16
Billy Joe Tolliver,sdg,1990,16,16,14
Mark Vlasic,sdg,1990,1,2,1
John Friesz,sdg,1990,1,1,1
Jim Everett*,ram,1990,23,17,16
Jay Schroeder,rai,1990,19,9,16
Dan Marino,mia,1990,21,11,16
Rich Gannon,min,1990,16,16,12
Wade Wilson,min,1990,9,8,4
Marc Wilson,nwe,1990,6,11,6
Tom Hodson,nwe,1990,4,5,6
Steve Grogan,nwe,1990,4,3,4
Steve Walsh,nor,1990,12,13,11
John Fourcade,nor,1990,3,8,5
Phil Simms,nyg,1990,15,4,14
Jeff Hostetler,nyg,1990,3,1,2
Ken O'Brien,nyj,1990,13,10,16
Randall Cunningham*,phi,1990,30,13,16
Bubby Brister,pit,1990,20,14,16
Dave Krieg,sea,1990,15,20,16
Joe Montana*+,sfo,1990,26,16,15
Steve Young,sfo,1990,2,0,1
Vinny Testaverde,tam,1990,17,18,13
Chris Chandler,tam,1990,1,6,3
Warren Moon*,oti,1990,33,13,15
Cody Carlson,oti,1990,4,2,1
Mark Rypien,was,1990,16,11,10
Stan Humphries,was,1990,3,10,5
Jeff Rutledge,was,1990,2,1,1
Tom Tupa,crd,1991,6,13,11
Stan Gelbaugh,crd,1991,3,10,3
Chris Chandler,crd,1991,1,2,2
Chris Miller*,atl,1991,26,18,14
Billy Joe Tolliver,atl,1991,4,2,2
Jim Kelly*+,buf,1991,33,17,15
Frank Reich,buf,1991,6,2,1
Jim Harbaugh,chi,1991,15,16,16
Boomer Esiason,cin,1991,13,16,14
Donald Hollas,cin,1991,1,4,1
Erik Wilhelm,cin,1991,0,2,1
Bernie Kosar,cle,1991,18,9,16
Troy Aikman*,dal,1991,11,10,12
Steve Beuerlein,dal,1991,5,2,4
John Elway*,den,1991,13,12,16
Erik Kramer,det,1991,11,8,8
Rodney Peete,det,1991,5,9,8
Mike Tomczak,gnb,1991,11,9,7
Don Majkowski,gnb,1991,3,8,8
Blair Kiel,gnb,1991,3,2,1
Jeff George,clt,1991,10,12,16
Steve DeBerg,kan,1991,17,14,15
Mark Vlasic,kan,1991,2,0,1
John Friesz,sdg,1991,12,15,16
Jim Everett,ram,1991,11,20,16
Jay Schroeder,rai,1991,15,16,15
Todd Marinovich,rai,1991,3,0,1
Dan Marino*,mia,1991,25,13,16
Rich Gannon,min,1991,12,6,11
Wade Wilson,min,1991,3,10,5
Hugh Millen,nwe,1991,9,18,13
Tom Hodson,nwe,1991,1,4,3
Steve Walsh,nor,1991,11,6,7
Bobby Hebert,nor,1991,9,8,9
Jeff Hostetler,nyg,1991,5,4,12
Phil Simms,nyg,1991,8,4,4
Ken O'Brien*,nyj,1991,10,11,16
Jim McMahon,phi,1991,12,11,11
Jeff Kemp,phi,1991,5,5,2
Brad Goebel,phi,1991,0,6,2
Randall Cunningham,phi,1991,0,0,1
Neil O'Donnell,pit,1991,11,7,8
Bubby Brister,pit,1991,9,9,8
Dave Krieg,sea,1991,11,12,9
Jeff Kemp,sea,1991,4,12,5
Kelly Stouffer,sea,1991,0,1,1
Dan McGwire,sea,1991,0,1,1
Steve Young,sfo,1991,17,8,10
Steve Bono,sfo,1991,11,4,6
Vinny Testaverde,tam,1991,8,15,12
Chris Chandler,tam,1991,4,8,3
Jeff Carlson,tam,1991,1,6,1
Warren Moon*,oti,1991,23,21,16
Mark Rypien*,was,1991,28,11,16
Chris Chandler,crd,1992,15,15,13
Timm Rosenbach,crd,1992,0,6,3
Chris Miller,atl,1992,15,6,8
Wade Wilson,atl,1992,13,4,3
Billy Joe Tolliver,atl,1992,5,5,5
Jim Kelly*,buf,1992,23,19,16
Jim Harbaugh,chi,1992,13,12,13
Peter Tom Willis,chi,1992,4,8,2
Will Furrer,chi,1992,0,3,1
Boomer Esiason,cin,1992,11,15,11
David Klingler,cin,1992,3,2,4
Donald Hollas,cin,1992,2,0,1
Mike Tomczak,cle,1992,7,7,8
Bernie Kosar,cle,1992,8,7,7
Todd Philcox,cle,1992,3,1,1
Troy Aikman*,dal,1992,23,14,16
John Elway,den,1992,10,17,12
Tommy Maddox,den,1992,5,9,4
Rodney Peete,det,1992,9,9,10
Erik Kramer,det,1992,4,8,3
Andre Ware,det,1992,3,4,3
Brett Favre*,gnb,1992,18,13,13
Don Majkowski,gnb,1992,2,2,3
Jeff George,clt,1992,7,15,10
Jack Trudeau,clt,1992,4,8,5
Mark Herrmann,clt,1992,1,1,1
Dave Krieg,kan,1992,15,12,16
Stan Humphries,sdg,1992,16,18,15
Bob Gagliano,sdg,1992,0,3,1
Jim Everett,ram,1992,22,18,16
Jay Schroeder,rai,1992,11,11,9
Todd Marinovich,rai,1992,5,9,7
Dan Marino*,mia,1992,24,16,16
Rich Gannon,min,1992,12,13,12
Sean Salisbury,min,1992,5,2,4
Hugh Millen,nwe,1992,8,10,7
Scott Zolak,nwe,1992,2,4,4
Tom Hodson,nwe,1992,2,2,3
Jeff Carlson,nwe,1992,1,3,2
Bobby Hebert,nor,1992,19,16,16
Jeff Hostetler,nyg,1992,8,3,9
Phil Simms,nyg,1992,5,3,4
Kent Graham,nyg,1992,1,4,3
Browning Nagle,nyj,1992,7,17,13
Ken O'Brien,nyj,1992,5,6,3
Randall Cunningham,phi,1992,19,11,15
Jim McMahon,phi,1992,1,2,1
Neil O'Donnell*,pit,1992,13,9,12
Bubby Brister,pit,1992,2,5,4
Stan Gelbaugh,sea,1992,6,11,8
Kelly Stouffer,sea,1992,3,9,7
Dan McGwire,sea,1992,0,3,1
Steve Young*+,sfo,1992,25,7,16
Vinny Testaverde,tam,1992,14,16,14
Steve DeBerg,tam,1992,3,4,2
Warren Moon*,oti,1992,18,12,10
Cody Carlson,oti,1992,9,11,6
Mark Rypien,was,1992,13,17,16
Steve Beuerlein,crd,1993,18,17,14
Chris Chandler,crd,1993,3,2,2
Bobby Hebert*,atl,1993,24,17,12
Billy Joe Tolliver,atl,1993,3,5,2
Chris Miller,atl,1993,1,3,2
Jim Kelly,buf,1993,18,18,16
Jim Harbaugh,chi,1993,7,11,15
Peter Tom Willis,chi,1993,0,5,1
David Klingler,cin,1993,6,9,13
Jay Schroeder,cin,1993,5,2,3
Vinny Testaverde,cle,1993,14,9,6
Bernie Kosar,cle,1993,5,3,6
Todd Philcox,cle,1993,4,7,4
Troy Aikman*,dal,1993,15,6,14
Bernie Kosar,dal,1993,3,0,1
Jason Garrett,dal,1993,0,0,1
John Elway*,den,1993,25,10,16
Rodney Peete,det,1993,6,14,10
Erik Kramer,det,1993,8,3,4
Andre Ware,det,1993,1,2,2
Brett Favre*,gnb,1993,19,24,16
Jeff George,clt,1993,8,6,11
Jack Trudeau,clt,1993,2,7,5
Joe Montana*,kan,1993,13,7,11
Dave Krieg,kan,1993,7,3,5
Stan Humphries,sdg,1993,12,10,10
John Friesz,sdg,1993,6,4,6
Jim Everett,ram,1993,8,12,9
T.J. Rubley,ram,1993,8,6,7
Jeff Hostetler,rai,1993,14,10,15
Vince Evans,rai,1993,3,4,1
Scott Mitchell,mia,1993,12,8,7
Steve DeBerg,mia,1993,6,7,4
Dan Marino,mia,1993,8,3,5
Jim McMahon,min,1993,9,8,12
Sean Salisbury,min,1993,9,6,4
Drew Bledsoe,nwe,1993,15,15,12
Scott Secules,nwe,1993,2,9,4
Wade Wilson,nor,1993,12,15,14
Mike Buck,nor,1993,4,3,1
Steve Walsh,nor,1993,2,3,1
Phil Simms*,nyg,1993,15,9,16
Boomer Esiason*,nyj,1993,16,11,16
Bubby Brister,phi,1993,14,5,8
Ken O'Brien,phi,1993,4,3,4
Randall Cunningham,phi,1993,5,5,4
Neil O'Donnell,pit,1993,14,7,15
Mike Tomczak,pit,1993,2,5,1
Rick Mirer,sea,1993,12,17,16
Steve Young*+,sfo,1993,29,16,16
Craig Erickson,tam,1993,18,21,15
Steve DeBerg,tam,1993,1,3,1
Warren Moon*,oti,1993,21,21,14
Cody Carlson,oti,1993,2,4,2
Mark Rypien,was,1993,4,10,10
Rich Gannon,was,1993,3,7,4
Cary Conklin,was,1993,4,3,2
Steve Beuerlein,crd,1994,5,9,7
Jay Schroeder,crd,1994,4,7,8
Jim McMahon,crd,1994,1,3,1
Jeff George,atl,1994,23,18,16
Jim Kelly,buf,1994,22,17,14
Frank Reich,buf,1994,1,4,2
Steve Walsh,chi,1994,10,8,11
Erik Kramer,chi,1994,8,8,5
Jeff Blake,cin,1994,14,9,9
David Klingler,cin,1994,6,9,7
Vinny Testaverde,cle,1994,16,18,13
Mark Rypien,cle,1994,4,3,3
Troy Aikman*,dal,1994,13,12,14
Rodney Peete,dal,1994,4,1,1
Jason Garrett,dal,1994,2,1,1
John Elway*,den,1994,16,10,14
Hugh Millen,den,1994,2,3,2
Scott Mitchell,det,1994,10,11,9
Dave Krieg,det,1994,14,3,7
Brett Favre,gnb,1994,33,14,16
Jim Harbaugh,clt,1994,9,6,9
Don Majkowski,clt,1994,6,7,6
Browning Nagle,clt,1994,0,1,1
Joe Montana,kan,1994,16,9,14
Steve Bono,kan,1994,4,4,2
Stan Humphries,sdg,1994,17,12,15
Gale Gilbert,sdg,1994,3,1,1
Chris Miller,ram,1994,16,14,10
Chris Chandler,ram,1994,7,2,6
Jeff Hostetler*,rai,1994,20,16,16
Dan Marino*,mia,1994,30,17,16
Warren Moon*,min,1994,18,19,15
Sean Salisbury,min,1994,0,1,1
Drew Bledsoe*,nwe,1994,25,27,16
Jim Everett,nor,1994,22,18,16
Dave Brown,nyg,1994,12,16,15
Kent Graham,nyg,1994,3,2,1
Boomer Esiason,nyj,1994,17,13,14
Jack Trudeau,nyj,1994,1,4,2
Randall Cunningham,phi,1994,16,13,14
Bubby Brister,phi,1994,2,1,2
Neil O'Donnell,pit,1994,13,9,14
Mike Tomczak,pit,1994,4,0,2
Rick Mirer,sea,1994,11,7,13
Dan McGwire,sea,1994,1,2,3
Steve Young*+,sfo,1994,35,10,16
Craig Erickson,tam,1994,16,10,15
Trent Dilfer,tam,1994,1,6,2
Billy Joe Tolliver,oti,1994,6,7,7
Bucky Richardson,oti,1994,6,6,4
Cody Carlson,oti,1994,1,4,5
Heath Shuler,was,1994,10,12,8
John Friesz,was,1994,10,9,4
Gus Frerotte,was,1994,5,5,4
Dave Krieg,crd,1995,16,21,16
Jeff George,atl,1995,24,11,16
Jim Kelly,buf,1995,22,13,15
Todd Collins,buf,1995,0,1,1
Kerry Collins,car,1995,14,19,13
Frank Reich,car,1995,2,2,3
Erik Kramer,chi,1995,29,10,16
Jeff Blake*,cin,1995,28,17,16
Vinny Testaverde,cle,1995,17,10,12
Eric Zeier,cle,1995,4,9,4
Troy Aikman*,dal,1995,16,7,16
John Elway,den,1995,26,14,16
Scott Mitchell,det,1995,32,12,16
Brett Favre*+,gnb,1995,38,13,16
Jim Harbaugh*,clt,1995,17,5,12
Craig Erickson,clt,1995,3,4,3
Paul Justin,clt,1995,0,2,1
Mark Brunell,jax,1995,15,7,10
Steve Beuerlein,jax,1995,4,7,6
Steve Bono*,kan,1995,21,10,16
Stan Humphries,sdg,1995,17,14,15
Gale Gilbert,sdg,1995,0,4,1
Chris Miller,ram,1995,18,15,13
Mark Rypien,ram,1995,9,8,3
Jeff Hostetler,rai,1995,12,9,11
Vince Evans,rai,1995,6,8,3
Billy Joe Hobert,rai,1995,6,4,2
Dan Marino*,mia,1995,24,15,14
Bernie Kosar,mia,1995,3,5,2
Warren Moon*,min,1995,33,14,16
Drew Bledsoe,nwe,1995,13,16,15
Scott Zolak,nwe,1995,1,0,1
Jim Everett,nor,1995,26,14,16
Dave Brown,nyg,1995,11,10,16
Boomer Esiason,nyj,1995,16,15,12
Bubby Brister,nyj,1995,4,8,4
Rodney Peete,phi,1995,8,14,12
Randall Cunningham,phi,1995,3,5,4
Neil O'Donnell,pit,1995,17,7,12
Mike Tomczak,pit,1995,1,9,4
Kordell Stewart,pit,1995,1,0,2
Rick Mirer,sea,1995,13,20,13
John Friesz,sea,1995,6,3,3
Steve Young*,sfo,1995,20,11,11
Elvis Grbac,sfo,1995,8,5,5
Trent Dilfer,tam,1995,4,18,16
Chris Chandler,oti,1995,17,10,13
Will Furrer,oti,1995,2,7,1
Steve McNair,oti,1995,3,1,2
Gus Frerotte,was,1995,13,13,11
Heath Shuler,was,1995,3,7,5
Boomer Esiason,crd,1996,11,14,8
Kent Graham,crd,1996,12,7,8
Bobby Hebert,atl,1996,22,25,13
Jeff George,atl,1996,3,3,3
Vinny Testaverde*,rav,1996,33,19,16
Jim Kelly,buf,1996,14,19,13
Todd Collins,buf,1996,4,5,3
Kerry Collins*,car,1996,14,9,12
Steve Beuerlein,car,1996,8,2,4
Dave Krieg,chi,1996,14,12,12
Erik Kramer,chi,1996,3,6,4
Jeff Blake,cin,1996,24,14,16
Troy Aikman*,dal,1996,12,13,15
Wade Wilson,dal,1996,0,1,1
John Elway*,den,1996,26,14,15
Bill Musgrave,den,1996,0,2,1
Scott Mitchell,det,1996,17,17,14
Don Majkowski,det,1996,3,3,2
Brett Favre*+,gnb,1996,39,13,16
Jim Harbaugh,clt,1996,13,11,14
Paul Justin,clt,1996,2,0,2
Mark Brunell*,jax,1996,19,20,16
Steve Bono,kan,1996,12,13,13
Rich Gannon,kan,1996,6,1,3
Stan Humphries,sdg,1996,18,13,13
Sean Salisbury,sdg,1996,5,8,3
Tony Banks,ram,1996,15,15,13
Steve Walsh,ram,1996,0,5,3
Jeff Hostetler,rai,1996,23,14,13
Billy Joe Hobert,rai,1996,4,5,3
Dan Marino,mia,1996,17,9,13
Craig Erickson,mia,1996,4,2,3
Brad Johnson,min,1996,17,10,8
Warren Moon,min,1996,7,9,8
Drew Bledsoe*,nwe,1996,27,15,16
Jim Everett,nor,1996,12,16,15
Doug Nussmeier,nor,1996,1,1,1
Dave Brown,nyg,1996,12,20,16
Frank Reich,nyj,1996,15,16,7
Neil O'Donnell,nyj,1996,4,7,6
Glenn Foley,nyj,1996,3,7,3
Ty Detmer,phi,1996,15,13,11
Rodney Peete,phi,1996,3,5,5
Mike Tomczak,pit,1996,15,17,15
Kordell Stewart,pit,1996,0,2,2
Jim Miller,pit,1996,0,0,1
Rick Mirer,sea,1996,5,12,9
John Friesz,sea,1996,8,4,6
Stan Gelbaugh,sea,1996,0,0,1
Steve Young*,sfo,1996,14,6,12
Elvis Grbac,sfo,1996,8,10,4
Trent Dilfer,tam,1996,12,19,16
Chris Chandler,oti,1996,16,11,12
Steve McNair,oti,1996,6,4,4
Gus Frerotte*,was,1996,12,11,16
Jake Plummer,crd,1997,15,15,9
Kent Graham,crd,1997,4,5,6
Stoney Case,crd,1997,0,2,1
Chris Chandler*,atl,1997,20,7,14
Billy Joe Tolliver,atl,1997,5,1,1
Tony Graziani,atl,1997,0,2,1
Vinny Testaverde,rav,1997,18,15,13
Eric Zeier,rav,1997,7,1,3
Todd Collins,buf,1997,12,13,13
Alex Van Pelt,buf,1997,2,10,3
Kerry Collins,car,1997,11,21,13
Steve Beuerlein,car,1997,6,3,3
Erik Kramer,chi,1997,14,14,13
Rick Mirer,chi,1997,0,6,3
Jeff Blake,cin,1997,8,7,11
Boomer Esiason,cin,1997,13,2,5
Troy Aikman,dal,1997,19,12,16
John Elway*,den,1997,27,11,16
Scott Mitchell,det,1997,19,14,16
Brett Favre*+,gnb,1997,35,16,16
Jim Harbaugh,clt,1997,10,4,11
Paul Justin,clt,1997,5,5,4
Kelly Holcomb,clt,1997,1,8,1
Mark Brunell*,jax,1997,18,7,14
Steve Matthews,jax,1997,0,0,1
Rob Johnson,jax,1997,2,2,1
Elvis Grbac,kan,1997,11,6,10
Rich Gannon,kan,1997,7,4,6
Craig Whelihan,sdg,1997,6,10,7
Stan Humphries,sdg,1997,5,6,8
Jim Everett,sdg,1997,1,4,1
Tony Banks,ram,1997,14,13,16
Jeff George,rai,1997,29,9,16
Dan Marino,mia,1997,16,11,16
Brad Johnson,min,1997,20,12,13
Randall Cunningham,min,1997,6,4,3
Drew Bledsoe*,nwe,1997,28,15,16
Heath Shuler,nor,1997,2,14,9
Billy Joe Hobert,nor,1997,6,8,4
Danny Wuerffel,nor,1997,4,8,2
Doug Nussmeier,nor,1997,0,3,1
Danny Kanell,nyg,1997,11,9,10
Dave Brown,nyg,1997,5,3,6
Neil O'Donnell,nyj,1997,17,7,14
Glenn Foley,nyj,1997,3,1,2
Ty Detmer,phi,1997,7,6,7
Bobby Hoying,phi,1997,11,6,6
Rodney Peete,phi,1997,4,4,3
Kordell Stewart,pit,1997,21,17,16
Warren Moon*,sea,1997,25,16,14
Jon Kitna,sea,1997,1,2,1
John Friesz,sea,1997,0,3,1
Steve Young*,sfo,1997,19,6,15
Jim Druckenmiller,sfo,1997,1,4,1
Trent Dilfer*,tam,1997,21,11,16
Steve McNair,oti,1997,14,13,16
Gus Frerotte,was,1997,17,12,13
Jeff Hostetler,was,1997,5,10,3
Jake Plummer,crd,1998,17,20,16
Chris Chandler*,atl,1998,25,12,14
Steve DeBerg,atl,1998,3,1,1
Tony Graziani,atl,1998,0,2,1
Jim Harbaugh,rav,1998,12,11,12
Eric Zeier,rav,1998,4,3,4
Doug Flutie*,buf,1998,20,11,10
Rob Johnson,buf,1998,8,3,6
Steve Beuerlein,car,1998,17,12,12
Kerry Collins,car,1998,8,5,4
Erik Kramer,chi,1998,9,7,8
Steve Stenstrom,chi,1998,4,6,7
Moses Moreno,chi,1998,1,0,1
Neil O'Donnell,cin,1998,15,4,11
Jeff Blake,cin,1998,3,3,2
Paul Justin,cin,1998,1,3,3
Troy Aikman,dal,1998,12,5,11
Jason Garrett,dal,1998,5,3,5
John Elway*,den,1998,22,10,12
Bubby Brister,den,1998,10,3,4
Charlie Batch,det,1998,11,6,12
Frank Reich,det,1998,5,4,2
Scott Mitchell,det,1998,1,3,2
Brett Favre,gnb,1998,31,23,16
Peyton Manning,clt,1998,26,28,16
Mark Brunell,jax,1998,20,9,13
Jonathan Quinn,jax,1998,2,3,2
Jamie Martin,jax,1998,2,0,1
Rich Gannon,kan,1998,10,6,10
Elvis Grbac,kan,1998,5,12,6
Craig Whelihan,sdg,1998,8,19,7
Ryan Leaf,sdg,1998,2,15,9
Tony Banks,ram,1998,7,14,14
Steve Bono,ram,1998,5,4,2
Donald Hollas,rai,1998,10,16,6
Jeff George,rai,1998,4,5,7
Wade Wilson,rai,1998,7,4,3
Dan Marino,mia,1998,23,15,16
Randall Cunningham*+,min,1998,34,10,14
Brad Johnson,min,1998,7,5,2
Drew Bledsoe,nwe,1998,20,14,14
Scott Zolak,nwe,1998,3,3,2
Billy Joe Tolliver,nor,1998,8,4,4
Kerry Collins,nor,1998,4,10,7
Danny Wuerffel,nor,1998,5,5,4
Billy Joe Hobert,nor,1998,1,0,1
Danny Kanell,nyg,1998,11,10,10
Kent Graham,nyg,1998,7,5,6
Vinny Testaverde*,nyj,1998,29,7,13
Glenn Foley,nyj,1998,4,6,3
Bobby Hoying,phi,1998,0,9,7
Koy Detmer,phi,1998,5,5,5
Rodney Peete,phi,1998,2,4,4
Kordell Stewart,pit,1998,11,18,16
Warren Moon,sea,1998,11,8,10
Jon Kitna,sea,1998,7,8,5
John Friesz,sea,1998,2,2,1
Steve Young*,sfo,1998,36,12,15
Ty Detmer,sfo,1998,4,3,1
Trent Dilfer,tam,1998,21,15,16
Steve McNair,oti,1998,15,10,16
Trent Green,was,1998,23,11,14
Gus Frerotte,was,1998,1,3,2
Jake Plummer,crd,1999,9,24,11
Dave Brown,crd,1999,2,6,5
Chris Chandler,atl,1999,16,11,12
Tony Graziani,atl,1999,2,4,3
Danny Kanell,atl,1999,4,4,1
Tony Banks,rav,1999,17,8,10
Stoney Case,rav,1999,3,8,4
Scott Mitchell,rav,1999,1,4,2
Doug Flutie,buf,1999,19,16,15
Rob Johnson,buf,1999,2,0,1
Steve Beuerlein*,car,1999,36,15,16
Shane Matthews,chi,1999,10,6,7
Cade McNown,chi,1999,8,10,6
Jim Miller,chi,1999,7,6,3
Jeff Blake,cin,1999,16,12,12
Akili Smith,cin,1999,2,6,4
Tim Couch,cle,1999,15,13,14
Ty Detmer,cle,1999,4,2,2
Troy Aikman,dal,1999,17,12,14
Jason Garrett,dal,1999,3,1,2
Brian Griese,den,1999,14,14,13
Chris Miller,den,1999,2,1,3
Gus Frerotte,det,1999,9,7,6
Charlie Batch,det,1999,13,7,10
Brett Favre,gnb,1999,22,23,16
Peyton Manning*,clt,1999,26,15,16
Mark Brunell*,jax,1999,14,9,15
Jay Fiedler,jax,1999,2,2,1
Elvis Grbac,kan,1999,22,15,16
Jim Harbaugh,sdg,1999,10,14,12
Erik Kramer,sdg,1999,2,10,4
Kurt Warner*+,ram,1999,41,13,16
Rich Gannon*,rai,1999,24,14,16
Dan Marino,mia,1999,12,17,11
Damon Huard,mia,1999,8,4,5
Jeff George,min,1999,23,12,10
Randall Cunningham,min,1999,8,9,6
Drew Bledsoe,nwe,1999,19,21,16
Billy Joe Tolliver,nor,1999,7,16,7
Billy Joe Hobert,nor,1999,6,6,7
Jake Delhomme,nor,1999,3,5,2
Kerry Collins,nyg,1999,8,11,7
Kent Graham,nyg,1999,9,9,9
Ray Lucas,nyj,1999,14,6,9
Rick Mirer,nyj,1999,5,9,6
Vinny Testaverde,nyj,1999,1,1,1
Doug Pederson,phi,1999,7,9,9
Donovan McNabb,phi,1999,8,7,6
Koy Detmer,phi,1999,3,2,1
Kordell Stewart,pit,1999,6,10,12
Mike Tomczak,pit,1999,12,8,5
Jon Kitna,sea,1999,23,16,15
Glenn Foley,sea,1999,2,0,1
Jeff Garcia,sfo,1999,11,11,10
Steve Stenstrom,sfo,1999,0,4,3
Steve Young,sfo,1999,3,4,3
Trent Dilfer,tam,1999,11,11,10
Shaun King,tam,1999,7,4,5
Eric Zeier,tam,1999,0,1,1
Steve McNair,oti,1999,12,8,11
Neil O'Donnell,oti,1999,10,5,5
Brad Johnson*,was,1999,24,13,16
Jake Plummer,crd,2000,13,21,14
Dave Brown,crd,2000,2,3,2
Chris Chandler,atl,2000,10,12,13
Danny Kanell,atl,2000,2,5,1
Doug Johnson,atl,2000,2,3,2
Tony Banks,rav,2000,8,8,8
Trent Dilfer,rav,2000,12,11,8
Rob Johnson,buf,2000,12,7,11
Doug Flutie,buf,2000,8,3,5
Steve Beuerlein,car,2000,19,18,16
Cade McNown,chi,2000,8,9,9
Shane Matthews,chi,2000,3,6,5
Jim Miller,chi,2000,1,1,2
Akili Smith,cin,2000,3,6,11
Scott Mitchell,cin,2000,3,8,5
Tim Couch,cle,2000,7,9,7
Doug Pederson,cle,2000,2,8,8
Spergon Wynn,cle,2000,0,1,1
Troy Aikman,dal,2000,7,14,11
Randall Cunningham,dal,2000,6,4,3
Anthony Wright,dal,2000,0,3,2
Brian Griese*,den,2000,19,4,10
Gus Frerotte,den,2000,9,8,6
Charlie Batch,det,2000,13,15,15
Stoney Case,det,2000,1,4,1
Brett Favre,gnb,2000,20,16,16
Peyton Manning*,clt,2000,33,15,16
Mark Brunell,jax,2000,20,14,16
Elvis Grbac*,kan,2000,28,14,15
Warren Moon,kan,2000,1,1,1
Ryan Leaf,sdg,2000,11,18,9
Jim Harbaugh,sdg,2000,8,10,5
Moses Moreno,sdg,2000,0,2,2
Kurt Warner*,ram,2000,21,18,11
Trent Green,ram,2000,16,5,5
Rich Gannon*+,rai,2000,28,11,16
Jay Fiedler,mia,2000,14,14,15
Damon Huard,mia,2000,1,3,1
Daunte Culpepper*,min,2000,33,16,16
Drew Bledsoe,nwe,2000,17,13,16
Jeff Blake,nor,2000,13,9,11
Aaron Brooks,nor,2000,9,6,5
Kerry Collins,nyg,2000,22,13,16
Vinny Testaverde,nyj,2000,21,25,16
Donovan McNabb*,phi,2000,21,13,16
Kordell Stewart,pit,2000,11,8,11
Kent Graham,pit,2000,1,1,5
Jon Kitna,sea,2000,18,19,12
Brock Huard,sea,2000,3,2,4
Jeff Garcia*,sfo,2000,31,10,16
Shaun King,tam,2000,18,13,16
Steve McNair*,oti,2000,15,13,15
Neil O'Donnell,oti,2000,2,3,1
Brad Johnson,was,2000,11,15,11
Jeff George,was,2000,7,6,5
Jake Plummer,crd,2001,18,14,16
Chris Chandler,atl,2001,16,14,14
Michael Vick,atl,2001,2,3,2
Elvis Grbac,rav,2001,15,18,14
Randall Cunningham,rav,2001,3,2,2
Alex Van Pelt,buf,2001,12,11,8
Rob Johnson,buf,2001,5,7,8
Chris Weinke,car,2001,11,19,15
Matt Lytle,car,2001,1,3,1
Jim Miller,chi,2001,13,10,13
Shane Matthews,chi,2001,5,6,3
Jon Kitna,cin,2001,12,22,15
Akili Smith,cin,2001,0,0,1
Tim Couch,cle,2001,17,21,16
Quincy Carter,dal,2001,5,7,8
Anthony Wright,dal,2001,5,5,3
Ryan Leaf,dal,2001,1,3,3
Clint Stoerner,dal,2001,3,5,2
Brian Griese,den,2001,23,19,15
Gus Frerotte,den,2001,3,0,1
Charlie Batch,det,2001,12,12,9
Ty Detmer,det,2001,3,10,4
Mike McMahon,det,2001,3,1,3
Brett Favre*,gnb,2001,32,15,16
Peyton Manning,clt,2001,26,23,16
Mark Brunell,jax,2001,19,13,15
Jonathan Quinn,jax,2001,1,1,1
Trent Green,kan,2001,17,24,16
Doug Flutie,sdg,2001,15,18,16
Kurt Warner*+,ram,2001,36,22,16
Rich Gannon*,rai,2001,27,9,16
Jay Fiedler,mia,2001,20,19,16
Daunte Culpepper,min,2001,14,13,11
Spergon Wynn,min,2001,1,6,2
Todd Bouman,min,2001,8,4,3
Tom Brady*,nwe,2001,18,12,14
Drew Bledsoe,nwe,2001,2,2,2
Aaron Brooks,nor,2001,26,22,16
Kerry Collins,nyg,2001,19,16,16
Vinny Testaverde,nyj,2001,15,14,16
Donovan McNabb*,phi,2001,25,12,16
Kordell Stewart*,pit,2001,14,11,16
Matt Hasselbeck,sea,2001,7,8,12
Trent Dilfer,sea,2001,7,4,4
Jeff Garcia*,sfo,2001,32,12,16
Brad Johnson,tam,2001,13,11,16
Steve McNair,oti,2001,21,12,15
Neil O'Donnell,oti,2001,2,2,1
Tony Banks,was,2001,10,10,14
Jeff George,was,2001,0,3,2
Jake Plummer,crd,2002,18,20,16
Michael Vick*,atl,2002,16,8,15
Doug Johnson,atl,2002,2,3,1
Jeff Blake,rav,2002,13,11,10
Chris Redman,rav,2002,7,3,6
Drew Bledsoe*,buf,2002,24,15,16
Rodney Peete,car,2002,15,14,14
Randy Fasani,car,2002,0,4,1
Chris Weinke,car,2002,0,3,1
Jim Miller,chi,2002,13,9,8
Chris Chandler,chi,2002,4,4,7
Henry Burris,chi,2002,3,5,1
Jon Kitna,cin,2002,16,16,12
Gus Frerotte,cin,2002,1,5,3
Akili Smith,cin,2002,0,1,1
Tim Couch,cle,2002,18,18,14
Kelly Holcomb,cle,2002,8,4,2
Chad Hutchinson,dal,2002,7,8,9
Quincy Carter,dal,2002,7,8,7
Brian Griese,den,2002,15,15,13
Steve Beuerlein,den,2002,6,5,3
Joey Harrington,det,2002,12,16,12
Mike McMahon,det,2002,7,9,4
Brett Favre*,gnb,2002,27,16,16
David Carr,htx,2002,9,15,16
Peyton Manning*,clt,2002,27,19,16
Mark Brunell,jax,2002,17,7,15
David Garrard,jax,2002,1,2,1
Trent Green,kan,2002,26,13,16
Drew Brees,sdg,2002,17,16,16
Kurt Warner,ram,2002,3,11,6
Marc Bulger,ram,2002,14,6,7
Jamie Martin,ram,2002,7,10,2
Scott Covington,ram,2002,0,0,1
Rich Gannon*+,rai,2002,26,10,16
Jay Fiedler,mia,2002,14,9,10
Ray Lucas,mia,2002,4,6,6
Daunte Culpepper,min,2002,18,23,16
Tom Brady,nwe,2002,28,14,16
Aaron Brooks,nor,2002,27,15,16
Kerry Collins,nyg,2002,19,14,16
Chad Pennington,nyj,2002,22,6,12
Vinny Testaverde,nyj,2002,3,3,4
Donovan McNabb*,phi,2002,17,6,10
A.J. Feeley,phi,2002,6,5,5
Koy Detmer,phi,2002,2,0,1
Tommy Maddox,pit,2002,20,16,11
Kordell Stewart,pit,2002,6,6,5
Matt Hasselbeck,sea,2002,15,10,10
Trent Dilfer,sea,2002,4,6,6
Jeff Garcia*,sfo,2002,21,10,16
Brad Johnson*,tam,2002,22,6,13
Rob Johnson,tam,2002,1,2,2
Shaun King,tam,2002,0,1,1
Steve McNair,oti,2002,22,15,16
Shane Matthews,was,2002,11,6,7
Patrick Ramsey,was,2002,9,8,5
Danny Wuerffel,was,2002,3,6,4
Jeff Blake,crd,2003,13,15,13
Josh McCown,crd,2003,5,6,3
Doug Johnson,atl,2003,8,12,8
Kurt Kittner,atl,2003,2,6,4
Michael Vick,atl,2003,4,3,4
Kyle Boller,rav,2003,7,9,9
Anthony Wright,rav,2003,9,8,7
Drew Bledsoe,buf,2003,11,12,16
Jake Delhomme,car,2003,19,16,15
Rodney Peete,car,2003,0,0,1
Kordell Stewart,chi,2003,7,12,7
Chris Chandler,chi,2003,3,7,6
Rex Grossman,chi,2003,2,1,3
Jon Kitna,cin,2003,26,15,16
Kelly Holcomb,cle,2003,10,12,8
Tim Couch,cle,2003,7,6,8
Quincy Carter,dal,2003,17,21,16
Jake Plummer,den,2003,15,7,11
Danny Kanell,den,2003,2,5,2
Steve Beuerlein,den,2003,2,5,2
Jarious Jackson,den,2003,0,1,1
Joey Harrington,det,2003,17,22,16
Brett Favre*,gnb,2003,32,21,16
David Carr,htx,2003,9,13,11
Tony Banks,htx,2003,5,3,3
Dave Ragone,htx,2003,0,1,2
Peyton Manning*+,clt,2003,29,10,16
Byron Leftwich,jax,2003,14,16,13
Mark Brunell,jax,2003,2,0,3
Trent Green*,kan,2003,24,12,16
Drew Brees,sdg,2003,11,15,11
Doug Flutie,sdg,2003,9,4,5
Marc Bulger*,ram,2003,22,22,15
Kurt Warner,ram,2003,1,1,1
Rich Gannon,rai,2003,6,4,7
Rick Mirer,rai,2003,3,5,8
Marques Tuiasosopo,rai,2003,0,3,1
Jay Fiedler,mia,2003,11,13,11
Brian Griese,mia,2003,5,6,5
Daunte Culpepper*,min,2003,25,11,14
Gus Frerotte,min,2003,7,2,2
Tom Brady,nwe,2003,23,12,16
Aaron Brooks,nor,2003,24,8,16
Kerry Collins,nyg,2003,13,16,13
Jesse Palmer,nyg,2003,3,4,3
Chad Pennington,nyj,2003,13,12,9
Vinny Testaverde,nyj,2003,7,2,7
Donovan McNabb*,phi,2003,16,11,16
Tommy Maddox,pit,2003,18,17,16
Matt Hasselbeck*,sea,2003,26,15,16
Jeff Garcia,sfo,2003,18,13,13
Tim Rattay,sfo,2003,7,2,3
Brad Johnson,tam,2003,26,21,16
Steve McNair*,oti,2003,24,7,14
Billy Volek,oti,2003,4,1,1
Neil O'Donnell,oti,2003,2,1,1
Patrick Ramsey,was,2003,14,9,11
Tim Hasselbeck,was,2003,5,7,5
Josh McCown,crd,2004,11,10,13
Shaun King,crd,2004,1,4,2
John Navarre,crd,2004,1,4,1
Michael Vick*,atl,2004,14,12,15
Matt Schaub,atl,2004,1,4,1
Kyle Boller,rav,2004,13,11,16
Drew Bledsoe,buf,2004,20,16,16
Jake Delhomme,car,2004,29,15,16
Chad Hutchinson,chi,2004,4,3,5
Craig Krenzel,chi,2004,3,6,5
Jonathan Quinn,chi,2004,1,3,3
Rex Grossman,chi,2004,1,3,3
Carson Palmer,cin,2004,18,18,13
Jon Kitna,cin,2004,5,4,3
Jeff Garcia,cle,2004,10,9,10
Luke McCown,cle,2004,4,7,4
Kelly Holcomb,cle,2004,7,5,2
Vinny Testaverde,dal,2004,17,20,15
Drew Henson,dal,2004,1,1,1
Jake Plummer,den,2004,27,20,16
Joey Harrington,det,2004,19,12,16
Brett Favre,gnb,2004,30,17,16
David Carr,htx,2004,16,14,16
Peyton Manning*+,clt,2004,49,10,16
Byron Leftwich,jax,2004,15,10,14
David Garrard,jax,2004,2,1,2
Trent Green,kan,2004,27,17,16
Drew Brees*,sdg,2004,27,7,15
Doug Flutie,sdg,2004,1,0,1
Marc Bulger,ram,2004,21,14,14
Chris Chandler,ram,2004,2,8,2
Kerry Collins,rai,2004,21,20,13
Rich Gannon,rai,2004,3,2,3
A.J. Feeley,mia,2004,11,15,8
Jay Fiedler,mia,2004,7,8,7
Sage Rosenfels,mia,2004,1,3,1
Daunte Culpepper*,min,2004,39,11,16
Tom Brady*,nwe,2004,28,14,16
Aaron Brooks,nor,2004,21,16,16
Kurt Warner,nyg,2004,6,4,9
Eli Manning,nyg,2004,6,9,7
Chad Pennington,nyj,2004,16,9,13
Quincy Carter,nyj,2004,3,1,3
Donovan McNabb*,phi,2004,31,8,15
Koy Detmer,phi,2004,0,2,1
Ben Roethlisberger,pit,2004,17,11,13
Tommy Maddox,pit,2004,1,2,3
Matt Hasselbeck,sea,2004,22,15,14
Trent Dilfer,sea,2004,1,3,2
Tim Rattay,sfo,2004,10,10,9
Ken Dorsey,sfo,2004,6,9,7
Brian Griese,tam,2004,20,12,10
Brad Johnson,tam,2004,3,3,4
Chris Simms,tam,2004,1,3,2
Billy Volek,oti,2004,18,10,8
Steve McNair,oti,2004,8,9,8
Patrick Ramsey,was,2004,10,11,7
Mark Brunell,was,2004,7,6,9
Kurt Warner,crd,2005,11,9,10
Josh McCown,crd,2005,9,11,6
Michael Vick*,atl,2005,15,13,15
Matt Schaub,atl,2005,4,0,1
Kyle Boller,rav,2005,11,12,9
Anthony Wright,rav,2005,6,9,7
Kelly Holcomb,buf,2005,10,8,8
J.P. Losman,buf,2005,8,8,8
Jake Delhomme*,car,2005,24,16,16
Kyle Orton,chi,2005,9,13,15
Rex Grossman,chi,2005,1,2,1
Carson Palmer*,cin,2005,32,12,16
Trent Dilfer,cle,2005,11,12,11
Charlie Frye,cle,2005,4,5,5
Drew Bledsoe,dal,2005,23,17,16
Jake Plummer*,den,2005,18,7,16
Joey Harrington,det,2005,12,12,11
Jeff Garcia,det,2005,3,6,5
Brett Favre,gnb,2005,20,29,16
David Carr,htx,2005,14,11,16
Peyton Manning*+,clt,2005,28,10,16
Byron Leftwich,jax,2005,15,5,11
David Garrard,jax,2005,4,1,5
Trent Green*,kan,2005,17,10,16
Drew Brees,sdg,2005,24,15,16
Marc Bulger,ram,2005,14,9,8
Jamie Martin,ram,2005,5,7,5
Ryan Fitzpatrick,ram,2005,4,8,3
Kerry Collins,rai,2005,20,12,15
Marques Tuiasosopo,rai,2005,1,2,1
Gus Frerotte,mia,2005,18,13,15
Sage Rosenfels,mia,2005,4,3,1
Brad Johnson,min,2005,12,4,9
Daunte Culpepper,min,2005,6,12,7
Tom Brady*,nwe,2005,26,14,16
Aaron Brooks,nor,2005,13,17,13
Todd Bouman,nor,2005,2,7,3
Eli Manning,nyg,2005,24,17,16
Brooks Bollinger,nyj,2005,7,6,9
Vinny Testaverde,nyj,2005,1,6,4
Chad Pennington,nyj,2005,2,3,3
Donovan McNabb,phi,2005,16,9,9
Mike McMahon,phi,2005,5,8,7
Ben Roethlisberger,pit,2005,17,9,12
Tommy Maddox,pit,2005,2,4,2
Charlie Batch,pit,2005,1,1,2
Matt Hasselbeck*,sea,2005,24,9,16
Alex Smith,sfo,2005,1,11,7
Tim Rattay,sfo,2005,5,6,4
Ken Dorsey,sfo,2005,2,2,3
Cody Pickett,sfo,2005,0,2,2
Chris Simms,tam,2005,10,7,10
Brian Griese,tam,2005,7,7,6
Steve McNair*,oti,2005,16,11,14
Billy Volek,oti,2005,4,2,1
Matt Mauck,oti,2005,0,1,1
Mark Brunell,was,2005,23,10,15
Patrick Ramsey,was,2005,1,1,1
Matt Leinart,crd,2006,11,12,11
Kurt Warner,crd,2006,6,5,5
Michael Vick,atl,2006,20,13,16
Steve McNair,rav,2006,16,12,16
J.P. Losman,buf,2006,19,14,16
Jake Delhomme,car,2006,17,11,13
Chris Weinke,car,2006,2,4,3
Rex Grossman,chi,2006,23,20,16
Carson Palmer*,cin,2006,28,13,16
Charlie Frye,cle,2006,10,17,13
Derek Anderson,cle,2006,5,8,3
Tony Romo*,dal,2006,19,13,10
Drew Bledsoe,dal,2006,7,8,6
Jake Plummer,den,2006,11,13,11
Jay Cutler,den,2006,9,5,5
Jon Kitna,det,2006,21,22,16
Brett Favre,gnb,2006,18,18,16
David Carr,htx,2006,11,12,16
Peyton Manning*,clt,2006,31,9,16
David Garrard,jax,2006,10,9,10
Byron Leftwich,jax,2006,7,5,6
Damon Huard,kan,2006,11,1,8
Trent Green,kan,2006,7,9,8
Philip Rivers*,sdg,2006,22,9,16
Marc Bulger*,ram,2006,24,8,16
Andrew Walter,rai,2006,3,13,8
Aaron Brooks,rai,2006,3,8,8
Joey Harrington,mia,2006,12,15,11
Daunte Culpepper,mia,2006,2,3,4
Cleo Lemon,mia,2006,2,1,1
Brad Johnson,min,2006,9,15,14
Tarvaris Jackson,min,2006,2,4,2
Tom Brady,nwe,2006,24,12,16
Drew Brees*+,nor,2006,26,11,16
Eli Manning,nyg,2006,24,18,16
Chad Pennington,nyj,2006,17,16,16
Donovan McNabb,phi,2006,18,6,10
Jeff Garcia,phi,2006,10,2,6
Ben Roethlisberger,pit,2006,18,23,15
Charlie Batch,pit,2006,5,0,1
Matt Hasselbeck,sea,2006,18,15,12
Seneca Wallace,sea,2006,8,7,4
Alex Smith,sfo,2006,16,16,16
Bruce Gradkowski,tam,2006,9,9,11
Chris Simms,tam,2006,1,7,3
Tim Rattay,tam,2006,4,2,2
Vince Young*,oti,2006,12,13,13
Kerry Collins,oti,2006,1,6,3
Mark Brunell,was,2006,8,4,9
Jason Campbell,was,2006,10,6,7
Kurt Warner,crd,2007,27,17,11
Matt Leinart,crd,2007,2,4,5
Joey Harrington,atl,2007,7,8,10
Chris Redman,atl,2007,10,5,4
Byron Leftwich,atl,2007,1,2,2
Kyle Boller,rav,2007,9,10,8
Steve McNair,rav,2007,2,4,6
Troy Smith,rav,2007,2,0,2
Trent Edwards,buf,2007,7,8,9
J.P. Losman,buf,2007,4,6,7
Vinny Testaverde,car,2007,5,6,6
David Carr,car,2007,3,5,4
Matt Moore,car,2007,3,5,3
Jake Delhomme,car,2007,8,1,3
Brian Griese,chi,2007,10,12,6
Rex Grossman,chi,2007,4,7,7
Kyle Orton,chi,2007,3,2,3
Carson Palmer,cin,2007,26,20,16
Derek Anderson*,cle,2007,29,19,15
Charlie Frye,cle,2007,0,1,1
Tony Romo*,dal,2007,36,19,16
Jay Cutler,den,2007,20,14,16
Jon Kitna,det,2007,18,20,16
Brett Favre*,gnb,2007,28,15,16
Matt Schaub,htx,2007,9,9,11
Sage Rosenfels,htx,2007,15,12,5
Peyton Manning*,clt,2007,31,14,16
David Garrard,jax,2007,18,3,12
Quinn Gray,jax,2007,10,5,4
Damon Huard,kan,2007,11,13,10
Brodie Croyle,kan,2007,6,6,6
Philip Rivers,sdg,2007,21,15,16
Marc Bulger,ram,2007,11,15,12
Gus Frerotte,ram,2007,7,12,3
Brock Berlin,ram,2007,0,1,1
Josh McCown,rai,2007,10,11,9
Daunte Culpepper,rai,2007,5,5,6
JaMarcus Russell,rai,2007,2,4,1
Cleo Lemon,mia,2007,6,6,7
Trent Green,mia,2007,5,7,5
John Beck,mia,2007,1,3,4
Tarvaris Jackson,min,2007,9,12,12
Kelly Holcomb,min,2007,2,1,3
Brooks Bollinger,min,2007,1,1,1
Tom Brady*+,nwe,2007,50,8,16
Drew Brees,nor,2007,28,18,16
Eli Manning,nyg,2007,23,20,16
Chad Pennington,nyj,2007,10,9,8
Kellen Clemens,nyj,2007,5,10,8
Donovan McNabb,phi,2007,19,7,14
A.J. Feeley,phi,2007,5,8,2
Ben Roethlisberger*,pit,2007,32,11,15
Charlie Batch,pit,2007,2,3,1
Matt Hasselbeck*,sea,2007,28,12,16
Trent Dilfer,sfo,2007,7,12,6
Alex Smith,sfo,2007,2,4,7
Shaun Hill,sfo,2007,5,1,2
Chris Weinke,sfo,2007,1,0,1
Jeff Garcia*,tam,2007,13,4,13
Luke McCown,tam,2007,5,3,3
Vince Young,oti,2007,9,17,15
Kerry Collins,oti,2007,0,0,1
Jason Campbell,was,2007,12,11,13
Todd Collins,was,2007,5,0,3
Kurt Warner*,crd,2008,30,14,16
Matt Ryan,atl,2008,16,11,16
Joe Flacco,rav,2008,14,12,16
Trent Edwards,buf,2008,11,10,14
J.P. Losman,buf,2008,2,5,2
Jake Delhomme,car,2008,15,12,16
Kyle Orton,chi,2008,18,12,15
Rex Grossman,chi,2008,2,2,1
Ryan Fitzpatrick,cin,2008,8,9,12
Carson Palmer,cin,2008,3,4,4
Derek Anderson,cle,2008,9,8,9
Ken Dorsey,cle,2008,0,7,3
Brady Quinn,cle,2008,2,2,3
Bruce Gradkowski,cle,2008,0,3,1
Tony Romo,dal,2008,26,14,13
Brad Johnson,dal,2008,2,5,3
Jay Cutler*,den,2008,25,18,16
Dan Orlovsky,det,2008,8,8,7
Jon Kitna,det,2008,5,5,4
Daunte Culpepper,det,2008,4,6,5
Aaron Rodgers,gnb,2008,28,13,16
Matt Schaub,htx,2008,15,10,11
Sage Rosenfels,htx,2008,6,10,5
Peyton Manning*+,clt,2008,27,12,16
David Garrard,jax,2008,15,13,16
Tyler Thigpen,kan,2008,18,12,11
Damon Huard,kan,2008,2,4,3
Brodie Croyle,kan,2008,0,0,2
Philip Rivers,sdg,2008,34,11,16
Marc Bulger,ram,2008,11,13,15
Trent Green,ram,2008,0,6,1
JaMarcus Russell,rai,2008,13,8,15
Andrew Walter,rai,2008,0,3,1
Chad Pennington,mia,2008,19,7,16
Gus Frerotte,min,2008,12,15,11
Tarvaris Jackson,min,2008,9,2,5
Matt Cassel,nwe,2008,21,11,15
Tom Brady,nwe,2008,0,0,1
Drew Brees*,nor,2008,34,17,16
Eli Manning*,nyg,2008,21,10,16
Brett Favre*,nyj,2008,22,22,16
Donovan McNabb,phi,2008,23,11,16
Ben Roethlisberger,pit,2008,17,15,16
Seneca Wallace,sea,2008,11,3,8
Matt Hasselbeck,sea,2008,5,10,7
Charlie Frye,sea,2008,2,2,1
Shaun Hill,sfo,2008,13,8,8
J.T. O'Sullivan,sfo,2008,8,11,8
Jeff Garcia,tam,2008,12,6,11
Brian Griese,tam,2008,5,7,5
Kerry Collins*,oti,2008,12,7,15
Vince Young,oti,2008,1,2,1
Jason Campbell,was,2008,13,6,16
Kurt Warner,crd,2009,26,14,15
Matt Leinart,crd,2009,0,3,1
Matt Ryan,atl,2009,22,14,14
Chris Redman,atl,2009,4,3,2
Joe Flacco,rav,2009,21,12,16
Ryan Fitzpatrick,buf,2009,9,10,8
Trent Edwards,buf,2009,6,7,7
Brian Brohm,buf,2009,0,2,1
Jake Delhomme,car,2009,8,18,11
Matt Moore,car,2009,8,2,5
Jay Cutler,chi,2009,27,26,16
Carson Palmer,cin,2009,21,13,16
Brady Quinn,cle,2009,8,7,9
Derek Anderson,cle,2009,3,10,7
Tony Romo*,dal,2009,26,9,16
Kyle Orton,den,2009,21,12,15
Chris Simms,den,2009,0,1,1
Matthew Stafford,det,2009,13,20,10
Daunte Culpepper,det,2009,3,6,5
Drew Stanton,det,2009,0,6,1
Aaron Rodgers*,gnb,2009,30,7,16
Matt Schaub*,htx,2009,29,15,16
Peyton Manning*+,clt,2009,33,16,16
David Garrard*,jax,2009,15,10,16
Matt Cassel,kan,2009,16,16,15
Brodie Croyle,kan,2009,2,0,1
Philip Rivers*,sdg,2009,28,9,16
Marc Bulger,ram,2009,5,6,8
Kyle Boller,ram,2009,3,6,4
Keith Null,ram,2009,3,9,4
JaMarcus Russell,rai,2009,3,11,9
Bruce Gradkowski,rai,2009,6,3,4
Charlie Frye,rai,2009,1,4,3
Chad Henne,mia,2009,12,14,13
Chad Pennington,mia,2009,1,2,3
Brett Favre*,min,2009,33,7,16
Tom Brady*,nwe,2009,28,13,16
Drew Brees*,nor,2009,34,11,15
Mark Brunell,nor,2009,0,1,1
Eli Manning,nyg,2009,27,14,16
Mark Sanchez,nyj,2009,12,20,15
Kellen Clemens,nyj,2009,0,0,1
Donovan McNabb*,phi,2009,22,10,14
Kevin Kolb,phi,2009,4,3,2
Michael Vick,phi,2009,1,0,1
Ben Roethlisberger,pit,2009,26,12,15
Dennis Dixon,pit,2009,1,1,1
Matt Hasselbeck,sea,2009,17,17,14
Seneca Wallace,sea,2009,3,2,2
Alex Smith,sfo,2009,18,12,10
Shaun Hill,sfo,2009,5,2,6
Josh Freeman,tam,2009,10,18,9
Josh Johnson,tam,2009,4,8,4
Byron Leftwich,tam,2009,4,3,3
Vince Young*,oti,2009,10,7,10
Kerry Collins,oti,2009,6,8,6
Jason Campbell,was,2009,20,15,16
Derek Anderson,crd,2010,7,10,9
John Skelton,crd,2010,2,2,4
Max Hall,crd,2010,1,6,3
Matt Ryan*,atl,2010,28,9,16
Joe Flacco,rav,2010,25,10,16
Ryan Fitzpatrick,buf,2010,23,15,13
Trent Edwards,buf,2010,1,2,2
Brian Brohm,buf,2010,0,3,1
Jimmy Clausen,car,2010,3,9,10
Matt Moore,car,2010,5,10,5
Brian St. Pierre,car,2010,1,2,1
Jay Cutler,chi,2010,23,16,15
Todd Collins,chi,2010,0,5,1
Carson Palmer,cin,2010,26,20,16
Colt McCoy,cle,2010,6,9,8
Jake Delhomme,cle,2010,2,7,4
Seneca Wallace,cle,2010,4,2,4
Jon Kitna,dal,2010,16,12,9
Tony Romo,dal,2010,11,7,6
Stephen McGee,dal,2010,2,0,1
Kyle Orton,den,2010,20,9,13
Tim Tebow,den,2010,5,3,3
Shaun Hill,det,2010,16,12,10
Drew Stanton,det,2010,4,3,3
Matthew Stafford,det,2010,6,1,3
Aaron Rodgers,gnb,2010,28,11,15
Matt Flynn,gnb,2010,3,2,1
Matt Schaub,htx,2010,24,12,16
Peyton Manning*,clt,2010,33,17,16
David Garrard,jax,2010,23,15,14
Trent Edwards,jax,2010,1,3,1
Todd Bouman,jax,2010,2,2,1
Matt Cassel*,kan,2010,27,7,15
Brodie Croyle,kan,2010,0,1,1
Philip Rivers*,sdg,2010,30,13,16
Sam Bradford,ram,2010,18,15,16
Jason Campbell,rai,2010,13,8,12
Bruce Gradkowski,rai,2010,5,7,4
Chad Henne,mia,2010,15,19,14
Tyler Thigpen,mia,2010,2,2,1
Chad Pennington,mia,2010,0,0,1
Brett Favre,min,2010,11,19,13
Joe Webb,min,2010,0,3,2
Tarvaris Jackson,min,2010,3,4,1
Tom Brady*+,nwe,2010,36,4,16
Drew Brees*,nor,2010,33,22,16
Eli Manning,nyg,2010,31,25,16
Mark Sanchez,nyj,2010,17,13,16
Michael Vick*,phi,2010,21,6,12
Kevin Kolb,phi,2010,7,7,5
Ben Roethlisberger,pit,2010,17,5,12
Charlie Batch,pit,2010,3,3,2
Dennis Dixon,pit,2010,0,1,2
Matt Hasselbeck,sea,2010,12,17,14
Charlie Whitehurst,sea,2010,2,3,2
Alex Smith,sfo,2010,14,10,10
Troy Smith,sfo,2010,5,4,6
Josh Freeman,tam,2010,25,6,16
Kerry Collins,oti,2010,14,8,7
Vince Young,oti,2010,10,3,8
Rusty Smith,oti,2010,0,4,1
Donovan McNabb,was,2010,14,15,13
Rex Grossman,was,2010,7,4,3
John Skelton,crd,2011,11,14,7
Kevin Kolb,crd,2011,9,8,9
Matt Ryan,atl,2011,29,12,16
Joe Flacco,rav,2011,20,12,16
Ryan Fitzpatrick,buf,2011,24,23,16
Cam Newton*,car,2011,21,17,16
Jay Cutler,chi,2011,13,7,10
Caleb Hanie,chi,2011,3,9,4
Josh McCown,chi,2011,2,4,2
Andy Dalton*,cin,2011,20,13,16
Colt McCoy,cle,2011,14,11,13
Seneca Wallace,cle,2011,2,2,3
Tony Romo,dal,2011,31,10,16
Tim Tebow,den,2011,12,6,11
Kyle Orton,den,2011,8,7,5
Matthew Stafford,det,2011,41,16,16
Aaron Rodgers*+,gnb,2011,45,6,15
Matt Flynn,gnb,2011,6,2,1
Matt Schaub,htx,2011,15,6,10
T.J. Yates,htx,2011,3,3,5
Matt Leinart,htx,2011,1,0,1
Curtis Painter,clt,2011,6,9,8
Dan Orlovsky,clt,2011,6,4,5
Kerry Collins,clt,2011,2,1,3
Blaine Gabbert,jax,2011,12,11,14
Luke McCown,jax,2011,0,4,2
Matt Cassel,kan,2011,10,9,9
Tyler Palko,kan,2011,2,7,4
Kyle Orton,kan,2011,1,2,3
Philip Rivers*,sdg,2011,27,20,16
Sam Bradford,ram,2011,6,6,10
A.J. Feeley,ram,2011,1,2,3
Kellen Clemens,ram,2011,2,1,3
Carson Palmer,rai,2011,13,16,9
Jason Campbell,rai,2011,6,4,6
Kyle Boller,rai,2011,0,3,1
Matt Moore,mia,2011,16,9,12
Chad Henne,mia,2011,4,4,4
Christian Ponder,min,2011,13,13,10
Donovan McNabb,min,2011,4,2,6
Joe Webb,min,2011,3,2,1
Tom Brady*,nwe,2011,39,12,16
Drew Brees*,nor,2011,46,14,16
Eli Manning*,nyg,2011,29,16,16
Mark Sanchez,nyj,2011,26,18,16
Michael Vick,phi,2011,18,14,13
Vince Young,phi,2011,4,9,3
Ben Roethlisberger*,pit,2011,21,14,15
Charlie Batch,pit,2011,0,1,1
Tarvaris Jackson,sea,2011,14,13,14
Charlie Whitehurst,sea,2011,1,1,2
Alex Smith,sfo,2011,17,5,16
Josh Freeman,tam,2011,16,22,15
Josh Johnson,tam,2011,1,2,1
Matt Hasselbeck,oti,2011,18,14,16
Rex Grossman,was,2011,16,20,13
John Beck,was,2011,2,4,3
John Skelton,crd,2012,2,9,6
Kevin Kolb,crd,2012,8,3,5
Ryan Lindley,crd,2012,0,7,4
Brian Hoyer,crd,2012,1,2,1
Matt Ryan*,atl,2012,32,14,16
Joe Flacco,rav,2012,22,10,16
Ryan Fitzpatrick,buf,2012,24,16,16
Cam Newton,car,2012,19,12,16
Jay Cutler,chi,2012,19,14,15
Jason Campbell,chi,2012,2,2,1
Andy Dalton,cin,2012,27,16,16
Brandon Weeden,cle,2012,14,17,15
Thaddeus Lewis,cle,2012,1,1,1
Tony Romo,dal,2012,28,19,16
Peyton Manning*+,den,2012,37,11,16
Matthew Stafford,det,2012,20,17,16
Aaron Rodgers*,gnb,2012,39,8,16
Matt Schaub*,htx,2012,22,12,16
Andrew Luck*,clt,2012,23,18,16
Chad Henne,jax,2012,11,11,6
Blaine Gabbert,jax,2012,9,6,10
Matt Cassel,kan,2012,6,12,8
Brady Quinn,kan,2012,2,8,8
Philip Rivers,sdg,2012,26,15,16
Sam Bradford,ram,2012,21,13,16
Carson Palmer,rai,2012,22,14,15
Terrelle Pryor,rai,2012,2,1,1
Ryan Tannehill,mia,2012,12,13,16
Christian Ponder,min,2012,18,12,16
Tom Brady*,nwe,2012,34,8,16
Drew Brees*,nor,2012,43,19,16
Eli Manning*,nyg,2012,26,15,16
Mark Sanchez,nyj,2012,13,18,15
Greg McElroy,nyj,2012,1,1,1
Tim Tebow,nyj,2012,0,0,2
Michael Vick,phi,2012,12,10,10
Nick Foles,phi,2012,6,5,6
Ben Roethlisberger,pit,2012,26,8,13
Charlie Batch,pit,2012,1,4,2
Byron Leftwich,pit,2012,0,1,1
Russell Wilson*,sea,2012,26,10,16
Colin Kaepernick,sfo,2012,10,3,7
Alex Smith,sfo,2012,13,5,9
Josh Freeman,tam,2012,27,17,16
Jake Locker,oti,2012,10,11,11
Matt Hasselbeck,oti,2012,7,5,5
Robert Griffin III*,was,2012,20,5,15
Kirk Cousins,was,2012,4,3,1
Carson Palmer,crd,2013,24,22,16
Matt Ryan,atl,2013,26,17,16
Joe Flacco,rav,2013,19,22,16
EJ Manuel,buf,2013,11,9,10
Thaddeus Lewis,buf,2013,4,3,5
Jeff Tuel,buf,2013,1,3,1
Cam Newton*,car,2013,24,13,16
Jay Cutler,chi,2013,19,12,11
Josh McCown,chi,2013,13,1,5
Andy Dalton,cin,2013,33,20,16
Jason Campbell,cle,2013,11,8,8
Brandon Weeden,cle,2013,9,9,5
Brian Hoyer,cle,2013,5,3,3
Tony Romo,dal,2013,31,10,15
Kyle Orton,dal,2013,2,2,1
Peyton Manning*+,den,2013,55,10,16
Matthew Stafford,det,2013,29,19,16
Aaron Rodgers,gnb,2013,17,6,9
Matt Flynn,gnb,2013,7,4,4
Scott Tolzien,gnb,2013,1,5,2
Seneca Wallace,gnb,2013,0,1,1
Matt Schaub,htx,2013,10,14,8
Case Keenum,htx,2013,9,6,8
Andrew Luck*,clt,2013,23,9,16
Chad Henne,jax,2013,13,14,13
Blaine Gabbert,jax,2013,1,7,3
Alex Smith*,kan,2013,23,7,15
Chase Daniel,kan,2013,1,1,1
Philip Rivers*,sdg,2013,32,11,16
Sam Bradford,ram,2013,14,4,7
Kellen Clemens,ram,2013,8,7,9
Terrelle Pryor,rai,2013,7,11,9
Matt McGloin,rai,2013,8,8,6
Matt Flynn,rai,2013,1,1,1
Ryan Tannehill,mia,2013,24,17,16
Matt Cassel,min,2013,11,9,6
Christian Ponder,min,2013,7,9,9
Josh Freeman,min,2013,0,1,1
Tom Brady*,nwe,2013,25,11,16
Drew Brees*,nor,2013,39,12,16
Eli Manning,nyg,2013,18,27,16
Geno Smith,nyj,2013,12,21,16
Nick Foles*,phi,2013,27,2,10
Michael Vick,phi,2013,5,3,6
Ben Roethlisberger,pit,2013,28,14,16
Russell Wilson*,sea,2013,26,9,16
Colin Kaepernick,sfo,2013,21,8,16
Mike Glennon,tam,2013,19,9,13
Josh Freeman,tam,2013,2,3,3
Ryan Fitzpatrick,oti,2013,14,12,9
Jake Locker,oti,2013,8,4,7
Robert Griffin III,was,2013,16,12,13
Kirk Cousins,was,2013,4,7,3
Drew Stanton,crd,2014,7,5,8
Carson Palmer,crd,2014,11,3,6
Ryan Lindley,crd,2014,2,4,2
Matt Ryan*,atl,2014,28,14,16
Joe Flacco,rav,2014,27,12,16
Kyle Orton,buf,2014,18,10,12
EJ Manuel,buf,2014,5,3,4
Cam Newton,car,2014,18,12,14
Derek Anderson,car,2014,5,0,2
Jay Cutler,chi,2014,28,18,15
Jimmy Clausen,chi,2014,2,1,1
Andy Dalton*,cin,2014,19,17,16
Brian Hoyer,cle,2014,12,13,13
Johnny Manziel,cle,2014,0,2,2
Connor Shaw,cle,2014,0,1,1
Tony Romo*,dal,2014,34,9,15
Brandon Weeden,dal,2014,3,2,1
Peyton Manning*,den,2014,39,15,16
Matthew Stafford*,det,2014,22,12,16
Aaron Rodgers*+,gnb,2014,38,5,16
Ryan Fitzpatrick,htx,2014,17,8,12
Case Keenum,htx,2014,2,2,2
Ryan Mallett,htx,2014,2,2,2
Andrew Luck*,clt,2014,40,16,16
Blake Bortles,jax,2014,11,17,13
Chad Henne,jax,2014,3,1,3
Alex Smith,kan,2014,18,6,15
Chase Daniel,kan,2014,0,0,1
Philip Rivers,sdg,2014,31,18,16
Austin Davis,ram,2014,12,9,8
Shaun Hill,ram,2014,8,7,8
Derek Carr,rai,2014,21,12,16
Ryan Tannehill,mia,2014,27,12,16
Teddy Bridgewater,min,2014,14,12,12
Matt Cassel,min,2014,3,4,3
Christian Ponder,min,2014,0,2,1
Tom Brady*,nwe,2014,33,9,16
Drew Brees*,nor,2014,33,17,16
Eli Manning,nyg,2014,30,14,16
Geno Smith,nyj,2014,13,13,13
Michael Vick,nyj,2014,3,2,3
Nick Foles,phi,2014,13,10,8
Mark Sanchez,phi,2014,14,11,8
Ben Roethlisberger*,pit,2014,32,9,16
Russell Wilson*,sea,2014,20,7,16
Colin Kaepernick,sfo,2014,19,10,16
Josh McCown,tam,2014,11,14,11
Mike Glennon,tam,2014,10,6,5
Charlie Whitehurst,oti,2014,7,2,5
Zach Mettenberger,oti,2014,8,7,6
Jake Locker,oti,2014,5,7,5
Robert Griffin III,was,2014,4,6,7
Kirk Cousins,was,2014,10,9,5
Colt McCoy,was,2014,4,3,4
Carson Palmer*,crd,2015,35,11,16
Matt Ryan,atl,2015,21,16,16
Joe Flacco,rav,2015,14,12,10
Ryan Mallett,rav,2015,2,2,2
Jimmy Clausen,rav,2015,2,3,2
Matt Schaub,rav,2015,3,4,2
Tyrod Taylor*,buf,2015,20,6,14
EJ Manuel,buf,2015,3,3,2
Matt Cassel,buf,2015,0,0,1
Cam Newton*+,car,2015,35,10,16
Jay Cutler,chi,2015,21,11,15
Jimmy Clausen,chi,2015,0,1,1
Andy Dalton,cin,2015,25,7,13
A.J. McCarron,cin,2015,6,2,3
Josh McCown,cle,2015,12,4,8
Johnny Manziel,cle,2015,7,5,6
Austin Davis,cle,2015,1,3,2
Matt Cassel,dal,2015,5,7,7
Tony Romo,dal,2015,5,7,4
Kellen Moore,dal,2015,4,6,2
Brandon Weeden,dal,2015,2,2,3
Peyton Manning,den,2015,9,17,9
Brock Osweiler,den,2015,10,6,7
Matthew Stafford,det,2015,32,13,16
Aaron Rodgers*,gnb,2015,31,8,16
Brian Hoyer,htx,2015,19,7,9
Ryan Mallett,htx,2015,3,4,4
T.J. Yates,htx,2015,3,1,2
Brandon Weeden,htx,2015,3,0,1
Andrew Luck,clt,2015,15,12,7
Matt Hasselbeck,clt,2015,9,5,8
Josh Freeman,clt,2015,1,1,1
Blake Bortles,jax,2015,35,18,16
Alex Smith,kan,2015,20,7,16
Philip Rivers,sdg,2015,29,13,16
Nick Foles,ram,2015,7,10,11
Case Keenum,ram,2015,4,1,5
Derek Carr*,rai,2015,32,13,16
Ryan Tannehill,mia,2015,24,12,16
Teddy Bridgewater*,min,2015,14,9,16
Tom Brady*,nwe,2015,36,7,16
Drew Brees,nor,2015,32,11,15
Luke McCown,nor,2015,0,1,1
Eli Manning*,nyg,2015,35,14,16
Ryan Fitzpatrick,nyj,2015,31,15,16
Sam Bradford,phi,2015,19,14,14
Mark Sanchez,phi,2015,4,4,2
Ben Roethlisberger*,pit,2015,21,16,11
Michael Vick,pit,2015,2,1,3
Landry Jones,pit,2015,3,4,2
Russell Wilson*,sea,2015,34,8,16
Blaine Gabbert,sfo,2015,10,7,8
Colin Kaepernick,sfo,2015,6,5,8
Jameis Winston*,tam,2015,22,15,16
Marcus Mariota,oti,2015,19,10,12
Zach Mettenberger,oti,2015,4,7,4
Kirk Cousins,was,2015,29,11,16
Carson Palmer,crd,2016,26,14,15
Drew Stanton,crd,2016,2,3,1
Matt Ryan*+,atl,2016,38,7,16
Joe Flacco,rav,2016,20,15,16
Tyrod Taylor,buf,2016,17,6,15
EJ Manuel,buf,2016,0,0,1
Cam Newton,car,2016,19,14,14
Derek Anderson,car,2016,2,5,2
Matt Barkley,chi,2016,8,14,6
Brian Hoyer,chi,2016,6,0,5
Jay Cutler,chi,2016,4,5,5
Andy Dalton*,cin,2016,18,8,16
Cody Kessler,cle,2016,6,2,8
Josh McCown,cle,2016,6,6,3
Robert Griffin III,cle,2016,2,3,5
Dak Prescott*,dal,2016,23,4,16
Trevor Siemian,den,2016,18,10,14
Paxton Lynch,den,2016,2,1,2
Matthew Stafford,det,2016,24,10,16
Aaron Rodgers*,gnb,2016,40,7,16
Brock Osweiler,htx,2016,15,16,14
Tom Savage,htx,2016,0,0,2
Andrew Luck,clt,2016,31,13,15
Scott Tolzien,clt,2016,1,2,1
Blake Bortles,jax,2016,23,16,16
Alex Smith*,kan,2016,15,8,15
Nick Foles,kan,2016,3,0,1
Philip Rivers*,sdg,2016,33,21,16
Case Keenum,ram,2016,9,11,9
Jared Goff,ram,2016,5,7,7
Derek Carr*,rai,2016,28,6,15
Matt McGloin,rai,2016,0,0,1
Ryan Tannehill,mia,2016,19,12,13
Matt Moore,mia,2016,8,3,3
Sam Bradford,min,2016,20,5,15
Shaun Hill,min,2016,0,0,1
Tom Brady*,nwe,2016,28,2,12
Jimmy Garoppolo,nwe,2016,4,0,2
Jacoby Brissett,nwe,2016,0,0,2
Drew Brees*,nor,2016,37,15,16
Eli Manning,nyg,2016,26,16,16
Ryan Fitzpatrick,nyj,2016,12,17,11
Bryce Petty,nyj,2016,3,7,4
Geno Smith,nyj,2016,1,1,1
Carson Wentz,phi,2016,16,14,16
Ben Roethlisberger*,pit,2016,29,13,14
Landry Jones,pit,2016,4,2,2
Russell Wilson,sea,2016,21,11,16
Colin Kaepernick,sfo,2016,16,4,11
Blaine Gabbert,sfo,2016,5,6,5
Jameis Winston,tam,2016,28,18,16
Marcus Mariota,oti,2016,26,9,15
Matt Cassel,oti,2016,2,2,1
Kirk Cousins*,was,2016,25,12,16
Carson Palmer,crd,2017,9,7,7
Blaine Gabbert,crd,2017,6,6,5
Drew Stanton,crd,2017,6,5,4
Matt Ryan,atl,2017,20,12,16
Joe Flacco,rav,2017,18,13,16
Tyrod Taylor,buf,2017,14,4,14
Nathan Peterman,buf,2017,2,5,2
Cam Newton,car,2017,22,16,16
Mitchell Trubisky,chi,2017,7,7,12
Mike Glennon,chi,2017,4,5,4
Andy Dalton,cin,2017,25,12,16
DeShone Kizer,cle,2017,11,22,15
Kevin Hogan,cle,2017,4,5,1
Dak Prescott,dal,2017,22,13,16
Trevor Siemian,den,2017,12,14,10
Brock Osweiler,den,2017,5,5,4
Paxton Lynch,den,2017,2,3,2
Matthew Stafford,det,2017,29,10,16
Brett Hundley,gnb,2017,9,12,9
Aaron Rodgers,gnb,2017,16,6,7
Tom Savage,htx,2017,5,6,7
Deshaun Watson,htx,2017,19,8,6
T.J. Yates,htx,2017,4,3,3
Jacoby Brissett,clt,2017,13,7,15
Scott Tolzien,clt,2017,0,2,1
Blake Bortles,jax,2017,21,13,16
Alex Smith*,kan,2017,26,5,15
Patrick Mahomes,kan,2017,0,1,1
Philip Rivers*,sdg,2017,28,10,16
Jared Goff*,ram,2017,28,7,15
Sean Mannion,ram,2017,0,0,1
Derek Carr*,rai,2017,22,13,15
EJ Manuel,rai,2017,1,1,1
Jay Cutler,mia,2017,19,14,14
Matt Moore,mia,2017,4,5,2
Case Keenum,min,2017,22,7,14
Sam Bradford,min,2017,3,0,2
Tom Brady*+,nwe,2017,32,8,16
Drew Brees*,nor,2017,23,8,16
Eli Manning,nyg,2017,19,13,15
Geno Smith,nyg,2017,1,0,1
Josh McCown,nyj,2017,18,9,13
Bryce Petty,nyj,2017,1,3,3
Carson Wentz*,phi,2017,33,7,13
Nick Foles,phi,2017,5,2,3
Ben Roethlisberger*,pit,2017,28,14,15
Landry Jones,pit,2017,1,1,1
Russell Wilson*,sea,2017,34,11,16
C.J. Beathard,sfo,2017,4,6,5
Brian Hoyer,sfo,2017,4,4,6
Jimmy Garoppolo,sfo,2017,7,5,5
Jameis Winston,tam,2017,19,11,13
Ryan Fitzpatrick,tam,2017,7,3,3
Marcus Mariota,oti,2017,13,15,15
Matt Cassel,oti,2017,1,2,1
Kirk Cousins,was,2017,27,13,16
Josh Rosen,crd,2018,11,14,13
Sam Bradford,crd,2018,2,4,3
Matt Ryan,atl,2018,35,7,16
Joe Flacco,rav,2018,12,6,9
Lamar Jackson,rav,2018,6,3,7
Josh Allen,buf,2018,10,12,11
Nathan Peterman,buf,2018,1,7,2
Derek Anderson,buf,2018,0,4,2
Matt Barkley,buf,2018,2,0,1
Cam Newton,car,2018,24,13,14
Taylor Heinicke,car,2018,1,3,1
Kyle Allen,car,2018,2,0,1
Mitchell Trubisky*,chi,2018,24,12,14
Chase Daniel,chi,2018,3,2,2
Andy Dalton,cin,2018,21,11,11
Jeff Driskel,cin,2018,6,2,5
Baker Mayfield,cle,2018,27,14,13
Tyrod Taylor,cle,2018,2,2,3
Dak Prescott*,dal,2018,22,8,16
Case Keenum,den,2018,18,15,16
Matthew Stafford,det,2018,21,11,16
Aaron Rodgers*,gnb,2018,25,2,16
Deshaun Watson*,htx,2018,26,9,16
Andrew Luck*,clt,2018,39,15,16
Blake Bortles,jax,2018,13,11,12
Cody Kessler,jax,2018,2,2,4
Patrick Mahomes*+,kan,2018,50,12,16
Philip Rivers*,sdg,2018,32,12,16
Jared Goff*,ram,2018,32,12,16
Derek Carr,rai,2018,19,10,16
Ryan Tannehill,mia,2018,17,9,11
Brock Osweiler,mia,2018,6,4,5
Kirk Cousins,min,2018,30,10,16
Tom Brady*,nwe,2018,29,11,16
Drew Brees*,nor,2018,32,5,15
Teddy Bridgewater,nor,2018,1,1,1
Taysom Hill,nor,2018,0,1,4
Eli Manning,nyg,2018,21,11,16
Sam Darnold,nyj,2018,17,15,13
Josh McCown,nyj,2018,1,4,3
Carson Wentz,phi,2018,21,7,11
Nick Foles,phi,2018,7,4,5
Ben Roethlisberger,pit,2018,34,16,16
Russell Wilson*,sea,2018,35,7,16
Nick Mullens,sfo,2018,13,10,8
C.J. Beathard,sfo,2018,8,7,5
Jimmy Garoppolo,sfo,2018,5,3,3
Jameis Winston,tam,2018,19,14,9
Ryan Fitzpatrick,tam,2018,17,12,7
Marcus Mariota,oti,2018,11,8,13
Blaine Gabbert,oti,2018,4,4,3
Alex Smith,was,2018,10,5,10
Josh Johnson,was,2018,3,4,3
Colt McCoy,was,2018,3,3,2
Mark Sanchez,was,2018,0,3,1
Kyler Murray,crd,2019,20,12,16
Matt Ryan,atl,2019,26,14,15
Matt Schaub,atl,2019,3,1,1
Lamar Jackson*+,rav,2019,36,6,15
Robert Griffin III,rav,2019,1,2,1
Josh Allen,buf,2019,20,9,16
Kyle Allen,car,2019,17,16,12
Cam Newton,car,2019,0,1,2
Will Grier,car,2019,0,4,2
Mitchell Trubisky,chi,2019,17,10,15
Chase Daniel,chi,2019,3,2,1
Andy Dalton,cin,2019,16,14,13
Ryan Finley,cin,2019,2,2,3
Baker Mayfield,cle,2019,22,21,16
Dak Prescott,dal,2019,30,11,16
Joe Flacco,den,2019,6,5,8
Drew Lock,den,2019,7,3,5
Brandon Allen,den,2019,3,2,3
Matthew Stafford,det,2019,19,5,8
David Blough,det,2019,4,6,5
Jeff Driskel,det,2019,4,4,3
Aaron Rodgers*,gnb,2019,26,4,16
Deshaun Watson*,htx,2019,26,12,15
A.J. McCarron,htx,2019,0,1,1
Jacoby Brissett,clt,2019,18,6,15
Brian Hoyer,clt,2019,4,4,1
Gardner Minshew II,jax,2019,21,6,12
Nick Foles,jax,2019,3,2,4
Patrick Mahomes*,kan,2019,26,5,14
Matt Moore,kan,2019,4,0,2
Philip Rivers,sdg,2019,23,20,16
Jared Goff,ram,2019,22,16,16
Derek Carr,rai,2019,21,8,16
Ryan Fitzpatrick,mia,2019,20,13,13
Josh Rosen,mia,2019,1,5,3
Kirk Cousins*,min,2019,26,6,15
Sean Mannion,min,2019,0,2,1
Tom Brady,nwe,2019,24,8,16
Drew Brees*,nor,2019,27,4,11
Teddy Bridgewater,nor,2019,9,2,5
Daniel Jones,nyg,2019,24,12,12
Eli Manning,nyg,2019,6,5,4
Sam Darnold,nyj,2019,19,13,13
Luke Falk,nyj,2019,0,3,2
Trevor Siemian,nyj,2019,0,0,1
Carson Wentz,phi,2019,27,7,16
Mason Rudolph,pit,2019,13,9,8
Devlin Hodges,pit,2019,5,8,6
Ben Roethlisberger,pit,2019,0,1,2
Russell Wilson*,sea,2019,31,5,16
Jimmy Garoppolo,sfo,2019,27,13,16
Jameis Winston,tam,2019,33,30,16
Ryan Tannehill*,oti,2019,22,6,10
Marcus Mariota,oti,2019,7,2,6
Case Keenum,was,2019,11,5,8
Dwayne Haskins,was,2019,7,7,7
Colt McCoy,was,2019,0,1,1
Kyler Murray*,crd,2020,26,12,16
Matt Ryan,atl,2020,26,11,16
Lamar Jackson,rav,2020,26,9,15
Robert Griffin III,rav,2020,0,2,1
Josh Allen*,buf,2020,37,10,16
Teddy Bridgewater,car,2020,15,11,15
P.J. Walker,car,2020,1,5,1
Nick Foles,chi,2020,10,8,7
Mitchell Trubisky,chi,2020,16,8,9
Joe Burrow,cin,2020,13,5,10
Brandon Allen,cin,2020,5,4,5
Ryan Finley,cin,2020,1,2,1
Baker Mayfield,cle,2020,26,8,16
Andy Dalton,dal,2020,14,8,9
Dak Prescott,dal,2020,9,4,5
Ben DiNucci,dal,2020,0,0,1
Garrett Gilbert,dal,2020,1,1,1
Drew Lock,den,2020,16,15,13
Jeff Driskel,den,2020,3,2,1
Brett Rypien,den,2020,2,4,1
Matthew Stafford,det,2020,26,10,16
Aaron Rodgers*+,gnb,2020,48,5,16
Deshaun Watson*,htx,2020,33,7,16
Philip Rivers,clt,2020,24,11,16
Gardner Minshew II,jax,2020,16,5,8
Mike Glennon,jax,2020,7,5,5
Jake Luton,jax,2020,2,6,3
Patrick Mahomes*,kan,2020,38,6,15
Chad Henne,kan,2020,2,0,1
Justin Herbert,sdg,2020,31,10,15
Tyrod Taylor,sdg,2020,0,0,1
Jared Goff,ram,2020,20,13,15
John Wolford,ram,2020,0,1,1
Derek Carr,rai,2020,27,9,16
Tua Tagovailoa,mia,2020,11,5,9
Ryan Fitzpatrick,mia,2020,13,8,7
Kirk Cousins,min,2020,35,13,16
Cam Newton,nwe,2020,8,10,15
Brian Hoyer,nwe,2020,0,1,1
Drew Brees,nor,2020,24,6,12
Daniel Jones,nyg,2020,11,10,14
Colt McCoy,nyg,2020,1,1,2
Sam Darnold,nyj,2020,9,11,12
Joe Flacco,nyj,2020,6,3,4
Carson Wentz,phi,2020,16,15,12
Jalen Hurts,phi,2020,6,4,4
Ben Roethlisberger,pit,2020,33,10,15
Mason Rudolph,pit,2020,2,1,1
Russell Wilson*,sea,2020,40,13,16
Nick Mullens,sfo,2020,12,12,8
Jimmy Garoppolo,sfo,2020,7,5,6
C.J. Beathard,sfo,2020,6,0,2
Tom Brady,tam,2020,40,12,16
Ryan Tannehill,oti,2020,33,7,16
Alex Smith,was,2020,6,8,6
Dwayne Haskins,was,2020,5,7,6
Kyle Allen,was,2020,4,1,4
Kyler Murray*,crd,2021,24,10,14
Colt McCoy,crd,2021,3,1,3
Matt Ryan,atl,2021,20,12,17
Lamar Jackson*,rav,2021,16,13,12
Tyler Huntley,rav,2021,3,4,4
Josh Johnson,rav,2021,2,1,1
Josh Allen,buf,2021,36,15,17
Sam Darnold,car,2021,9,13,11
Cam Newton,car,2021,4,5,5
P.J. Walker,car,2021,1,3,1
Justin Fields,chi,2021,7,10,10
Andy Dalton,chi,2021,8,9,6
Nick Foles,chi,2021,1,0,1
Joe Burrow,cin,2021,34,14,16
Brandon Allen,cin,2021,2,0,1
Baker Mayfield,cle,2021,17,13,14
Case Keenum,cle,2021,3,1,2
Nick Mullens,cle,2021,1,0,1
Dak Prescott,dal,2021,37,10,16
Cooper Rush,dal,2021,3,1,1
Teddy Bridgewater,den,2021,18,7,14
Drew Lock,den,2021,2,2,3
Jared Goff,det,2021,19,8,14
Tim Boyle,det,2021,3,6,3
Aaron Rodgers*+,gnb,2021,37,4,16
Jordan Love,gnb,2021,2,3,1
Davis Mills,htx,2021,16,10,11
Tyrod Taylor,htx,2021,5,5,6
Carson Wentz,clt,2021,27,7,17
Trevor Lawrence,jax,2021,12,17,17
Patrick Mahomes*,kan,2021,37,13,17
Justin Herbert*,sdg,2021,38,15,17
Matthew Stafford,ram,2021,41,17,17
Derek Carr,rai,2021,23,14,17
Tua Tagovailoa,mia,2021,16,10,12
Jacoby Brissett,mia,2021,5,4,5
Kirk Cousins*,min,2021,33,7,16
Sean Mannion,min,2021,1,0,1
Mac Jones*,nwe,2021,22,13,17
Trevor Siemian,nor,2021,11,3,4
Jameis Winston,nor,2021,14,3,7
Taysom Hill,nor,2021,4,5,9
Ian Book,nor,2021,0,2,1
Daniel Jones,nyg,2021,10,7,11
Mike Glennon,nyg,2021,4,10,4
Jake Fromm,nyg,2021,1,3,2
Zach Wilson,nyj,2021,9,11,13
Mike White,nyj,2021,5,8,3
Joe Flacco,nyj,2021,3,0,1
Jalen Hurts,phi,2021,16,9,15
Gardner Minshew II,phi,2021,4,1,2
Ben Roethlisberger,pit,2021,22,10,16
Mason Rudolph,pit,2021,1,1,1
Russell Wilson*,sea,2021,25,6,14
Geno Smith,sea,2021,5,1,3
Jimmy Garoppolo,sfo,2021,20,12,15
Trey Lance,sfo,2021,5,2,2
Tom Brady*,tam,2021,43,12,17
Ryan Tannehill,oti,2021,21,14,17
Taylor Heinicke,was,2021,20,15,15
Garrett Gilbert,was,2021,0,0,1
Ryan Fitzpatrick,was,2021,0,0,1
Kyler Murray,crd,2022,14,7,11
Colt McCoy,crd,2022,1,3,3
Trace McSorley,crd,2022,0,5,1
David Blough,crd,2022,2,2,2
Marcus Mariota,atl,2022,15,9,13
Desmond Ridder,atl,2022,2,0,4
Lamar Jackson,rav,2022,17,7,12
Tyler Huntley*,rav,2022,2,3,4
Anthony Brown,rav,2022,0,2,1
Josh Allen*,buf,2022,35,14,16
Baker Mayfield,car,2022,6,6,6
Sam Darnold,car,2022,7,3,6
P.J. Walker,car,2022,3,3,5
Justin Fields,chi,2022,17,11,15
Trevor Siemian,chi,2022,1,1,1
Nathan Peterman,chi,2022,1,1,1
Joe Burrow*,cin,2022,35,12,16
Jacoby Brissett,cle,2022,12,6,11
Deshaun Watson,cle,2022,7,5,6
Dak Prescott,dal,2022,23,15,12
Cooper Rush,dal,2022,5,3,5
Russell Wilson,den,2022,16,11,15
Brett Rypien,den,2022,2,4,2
Jared Goff*,det,2022,29,7,17
Aaron Rodgers,gnb,2022,26,12,17
Davis Mills,htx,2022,17,15,15
Kyle Allen,htx,2022,2,4,2
Jeff Driskel,htx,2022,1,0,2
Matt Ryan,clt,2022,14,13,12
Sam Ehlinger,clt,2022,3,3,3
Nick Foles,clt,2022,0,4,2
Trevor Lawrence*,jax,2022,25,8,17
Patrick Mahomes*+,kan,2022,41,12,17
Justin Herbert,sdg,2022,25,10,17
Matthew Stafford,ram,2022,10,8,9
Baker Mayfield,ram,2022,4,2,4
John Wolford,ram,2022,1,3,3
Bryce Perkins,ram,2022,1,2,1
Derek Carr*,rai,2022,24,14,15
Jarrett Stidham,rai,2022,4,3,2
Tua Tagovailoa,mia,2022,25,8,13
Skylar Thompson,mia,2022,1,3,2
Teddy Bridgewater,mia,2022,4,4,2
Kirk Cousins*,min,2022,29,14,17
Mac Jones,nwe,2022,14,11,14
Bailey Zappe,nwe,2022,5,3,2
Brian Hoyer,nwe,2022,0,0,1
Andy Dalton,nor,2022,18,9,14
Jameis Winston,nor,2022,4,5,3
Daniel Jones,nyg,2022,15,5,16
Davis Webb,nyg,2022,1,0,1
Zach Wilson,nyj,2022,6,7,9
Joe Flacco,nyj,2022,5,3,4
Mike White,nyj,2022,3,4,4
Chris Streveler,nyj,2022,0,0,1
Jalen Hurts*,phi,2022,22,6,15
Gardner Minshew II,phi,2022,3,3,2
Kenny Pickett,pit,2022,7,9,12
Mitchell Trubisky,pit,2022,4,5,5
Geno Smith*,sea,2022,30,11,17
Jimmy Garoppolo,sfo,2022,16,4,10
Brock Purdy,sfo,2022,13,4,5
Trey Lance,sfo,2022,0,1,2
Tom Brady,tam,2022,25,9,17
Ryan Tannehill,oti,2022,13,6,12
Joshua Dobbs,oti,2022,2,2,2
Malik Willis,oti,2022,0,3,3
Carson Wentz,was,2022,11,9,7
Taylor Heinicke,was,2022,12,6,9
Sam Howell,was,2022,1,1,1